car_code,category_key,category_title,name,status
CAR001,safety,Safety,Engine immobilizer,flawless
CAR001,safety,Safety,Anti theft device,flawless
CAR001,safety,Safety,Headlight and ignition off reminder,little_flaw
CAR001,safety,Safety,Central locking,flawless
CAR001,safety,Safety,Speed sensing central door locking,little_flaw
CAR001,safety,Safety,Power door locks,damaged
CAR001,safety,Safety,Child safety lock,damaged
CAR001,safety,Safety,Low fuel level warning,flawless
CAR001,safety,Safety,Door ajar warning,little_flaw
CAR001,comfort_convenience,Comfort & convenience,Anti-glare mirrors - Manual,flawless
CAR001,comfort_convenience,Comfort & convenience,Folding rear seat,flawless
CAR001,comfort_convenience,Comfort & convenience,Power windows,little_flaw
CAR001,comfort_convenience,Comfort & convenience,Distance to empty display,flawless
CAR001,comfort_convenience,Comfort & convenience,Air conditioner,flawless
CAR001,comfort_convenience,Comfort & convenience,Power steering,damaged
CAR001,comfort_convenience,Comfort & convenience,12V power outlets,little_flaw
CAR001,comfort_convenience,Comfort & convenience,Vanity mirror on sun visors,flawless
CAR001,comfort_convenience,Comfort & convenience,Adjustable ORVM,little_flaw
CAR001,comfort_convenience,Comfort & convenience,One touch-down power windows - Driver,little_flaw
CAR001,comfort_convenience,Comfort & convenience,Cup holders,flawless
CAR001,comfort_convenience,Comfort & convenience,Adjustable cluster brightness,little_flaw
CAR001,comfort_convenience,Comfort & convenience,Digital Clock,damaged
CAR001,comfort_convenience,Comfort & convenience,Power windows position - Front and rear seats,little_flaw
CAR001,comfort_convenience,Comfort & convenience,Rear armrest cup holders,flawless
CAR001,comfort_convenience,Comfort & convenience,Power steering type - EPS,little_flaw
CAR001,comfort_convenience,Comfort & convenience,Dual zone climate control,little_flaw
CAR001,comfort_convenience,Comfort & convenience,Automatic climate control,flawless
CAR001,comfort_convenience,Comfort & convenience,Steering wheel gearshift paddles,flawless
CAR001,comfort_convenience,Comfort & convenience,Third row cup holders,little_flaw
CAR001,comfort_convenience,Comfort & convenience,Three zone climate control,flawless
CAR001,comfort_convenience,Comfort & convenience,Electrically adjustable ORVM,little_flaw
CAR001,comfort_convenience,Comfort & convenience,Auto dimming IRVM,flawless
CAR001,interior,Interior,Door pockets,flawless
CAR001,interior,Interior,Seat upholstery type - Fabric seats,flawless
CAR001,interior,Interior,Digital tripmeter,flawless
CAR001,interior,Interior,Headrests,flawless
CAR001,interior,Interior,Interior door handles,flawless
CAR001,interior,Interior,Digital cockpit,flawless
CAR001,interior,Interior,Digital odometer,flawless
CAR001,interior,Interior,Digital Instrument cluster,flawless
CAR001,exterior,Exterior,Outside rear view mirrors (ORVMs),little_flaw
CAR001,exterior,Exterior,Rear power window,flawless
CAR001,exterior,Exterior,Body colored bumpers,damaged
CAR001,exterior,Exterior,Tail lamps - Conventional,flawless
CAR001,exterior,Exterior,Exterior door handle colour - Body Coloured,flawless
CAR001,exterior,Exterior,Headlights Bulb type - Halogen,flawless
CAR001,exterior,Exterior,Tail lamps type - Conventional,flawless
CAR001,exterior,Exterior,Xenon headlamps / hid-headlamps,flawless
CAR002,safety,Safety,Engine immobilizer,flawless
CAR002,safety,Safety,Anti theft device,flawless
CAR002,safety,Safety,Headlight and ignition off reminder,flawless
CAR002,safety,Safety,Central locking,flawless
CAR002,safety,Safety,Speed sensing central door locking,flawless
CAR002,safety,Safety,Power door locks,flawless
CAR002,safety,Safety,Child safety lock,flawless
CAR002,safety,Safety,Low fuel level warning,flawless
CAR002,safety,Safety,Door ajar warning,flawless
CAR002,comfort_convenience,Comfort & convenience,Anti-glare mirrors - Manual,little_flaw
CAR002,comfort_convenience,Comfort & convenience,Folding rear seat,flawless
CAR002,comfort_convenience,Comfort & convenience,Power windows,little_flaw
CAR002,comfort_convenience,Comfort & convenience,Distance to empty display,flawless
CAR002,comfort_convenience,Comfort & convenience,Air conditioner,flawless
CAR002,comfort_convenience,Comfort & convenience,Power steering,little_flaw
CAR002,comfort_convenience,Comfort & convenience,12V power outlets,flawless
CAR002,comfort_convenience,Comfort & convenience,Vanity mirror on sun visors,flawless
CAR002,comfort_convenience,Comfort & convenience,Adjustable ORVM,flawless
CAR002,comfort_convenience,Comfort & convenience,One touch-down power windows - Driver,little_flaw
CAR002,comfort_convenience,Comfort & convenience,Cup holders,flawless
CAR002,comfort_convenience,Comfort & convenience,Adjustable cluster brightness,flawless
CAR002,comfort_convenience,Comfort & convenience,Digital Clock,damaged
CAR002,comfort_convenience,Comfort & convenience,Power windows position - Front and rear seats,flawless
CAR002,comfort_convenience,Comfort & convenience,Rear armrest cup holders,flawless
CAR002,comfort_convenience,Comfort & convenience,Power steering type - EPS,flawless
CAR002,comfort_convenience,Comfort & convenience,Dual zone climate control,flawless
CAR002,comfort_convenience,Comfort & convenience,Automatic climate control,little_flaw
CAR002,comfort_convenience,Comfort & convenience,Steering wheel gearshift paddles,little_flaw
CAR002,comfort_convenience,Comfort & convenience,Third row cup holders,little_flaw
CAR002,comfort_convenience,Comfort & convenience,Three zone climate control,flawless
CAR002,comfort_convenience,Comfort & convenience,Electrically adjustable ORVM,little_flaw
CAR002,comfort_convenience,Comfort & convenience,Auto dimming IRVM,flawless
CAR002,interior,Interior,Door pockets,flawless
CAR002,interior,Interior,Seat upholstery type - Fabric seats,little_flaw
CAR002,interior,Interior,Digital tripmeter,flawless
CAR002,interior,Interior,Headrests,flawless
CAR002,interior,Interior,Interior door handles,damaged
CAR002,interior,Interior,Digital cockpit,flawless
CAR002,interior,Interior,Digital odometer,flawless
CAR002,interior,Interior,Digital Instrument cluster,flawless
CAR002,exterior,Exterior,Outside rear view mirrors (ORVMs),flawless
CAR002,exterior,Exterior,Rear power window,flawless
CAR002,exterior,Exterior,Body colored bumpers,flawless
CAR002,exterior,Exterior,Tail lamps - Conventional,flawless
CAR002,exterior,Exterior,Exterior door handle colour - Body Coloured,damaged
CAR002,exterior,Exterior,Headlights Bulb type - Halogen,little_flaw
CAR002,exterior,Exterior,Tail lamps type - Conventional,flawless
CAR002,exterior,Exterior,Xenon headlamps / hid-headlamps,little_flaw
CAR003,safety,Safety,Engine immobilizer,flawless
CAR003,safety,Safety,Anti theft device,little_flaw
CAR003,safety,Safety,Headlight and ignition off reminder,damaged
CAR003,safety,Safety,Central locking,flawless
CAR003,safety,Safety,Speed sensing central door locking,flawless
CAR003,safety,Safety,Power door locks,flawless
CAR003,safety,Safety,Child safety lock,little_flaw
CAR003,safety,Safety,Low fuel level warning,little_flaw
CAR003,safety,Safety,Door ajar warning,flawless
CAR003,comfort_convenience,Comfort & convenience,Anti-glare mirrors - Manual,flawless
CAR003,comfort_convenience,Comfort & convenience,Folding rear seat,little_flaw
CAR003,comfort_convenience,Comfort & convenience,Power windows,flawless
CAR003,comfort_convenience,Comfort & convenience,Distance to empty display,flawless
CAR003,comfort_convenience,Comfort & convenience,Air conditioner,flawless
CAR003,comfort_convenience,Comfort & convenience,Power steering,little_flaw
CAR003,comfort_convenience,Comfort & convenience,12V power outlets,damaged
CAR003,comfort_convenience,Comfort & convenience,Vanity mirror on sun visors,flawless
CAR003,comfort_convenience,Comfort & convenience,Adjustable ORVM,flawless
CAR003,comfort_convenience,Comfort & convenience,One touch-down power windows - Driver,little_flaw
CAR003,comfort_convenience,Comfort & convenience,Cup holders,flawless
CAR003,comfort_convenience,Comfort & convenience,Adjustable cluster brightness,little_flaw
CAR003,comfort_convenience,Comfort & convenience,Digital Clock,flawless
CAR003,comfort_convenience,Comfort & convenience,Power windows position - Front and rear seats,little_flaw
CAR003,comfort_convenience,Comfort & convenience,Rear armrest cup holders,flawless
CAR003,comfort_convenience,Comfort & convenience,Power steering type - EPS,flawless
CAR003,comfort_convenience,Comfort & convenience,Dual zone climate control,flawless
CAR003,comfort_convenience,Comfort & convenience,Automatic climate control,flawless
CAR003,comfort_convenience,Comfort & convenience,Steering wheel gearshift paddles,flawless
CAR003,comfort_convenience,Comfort & convenience,Third row cup holders,flawless
CAR003,comfort_convenience,Comfort & convenience,Three zone climate control,flawless
CAR003,comfort_convenience,Comfort & convenience,Electrically adjustable ORVM,flawless
CAR003,comfort_convenience,Comfort & convenience,Auto dimming IRVM,flawless
CAR003,interior,Interior,Door pockets,little_flaw
CAR003,interior,Interior,Seat upholstery type - Fabric seats,flawless
CAR003,interior,Interior,Digital tripmeter,flawless
CAR003,interior,Interior,Headrests,flawless
CAR003,interior,Interior,Interior door handles,flawless
CAR003,interior,Interior,Digital cockpit,flawless
CAR003,interior,Interior,Digital odometer,flawless
CAR003,interior,Interior,Digital Instrument cluster,little_flaw
CAR003,exterior,Exterior,Outside rear view mirrors (ORVMs),damaged
CAR003,exterior,Exterior,Rear power window,little_flaw
CAR003,exterior,Exterior,Body colored bumpers,little_flaw
CAR003,exterior,Exterior,Tail lamps - Conventional,flawless
CAR003,exterior,Exterior,Exterior door handle colour - Body Coloured,flawless
CAR003,exterior,Exterior,Headlights Bulb type - Halogen,damaged
CAR003,exterior,Exterior,Tail lamps type - Conventional,flawless
CAR003,exterior,Exterior,Xenon headlamps / hid-headlamps,flawless
CAR004,safety,Safety,Engine immobilizer,flawless
CAR004,safety,Safety,Anti theft device,flawless
CAR004,safety,Safety,Headlight and ignition off reminder,little_flaw
CAR004,safety,Safety,Central locking,damaged
CAR004,safety,Safety,Speed sensing central door locking,flawless
CAR004,safety,Safety,Power door locks,flawless
CAR004,safety,Safety,Child safety lock,little_flaw
CAR004,safety,Safety,Low fuel level warning,damaged
CAR004,safety,Safety,Door ajar warning,flawless
CAR004,comfort_convenience,Comfort & convenience,Anti-glare mirrors - Manual,flawless
CAR004,comfort_convenience,Comfort & convenience,Folding rear seat,damaged
CAR004,comfort_convenience,Comfort & convenience,Power windows,flawless
CAR004,comfort_convenience,Comfort & convenience,Distance to empty display,flawless
CAR004,comfort_convenience,Comfort & convenience,Air conditioner,little_flaw
CAR004,comfort_convenience,Comfort & convenience,Power steering,flawless
CAR004,comfort_convenience,Comfort & convenience,12V power outlets,flawless
CAR004,comfort_convenience,Comfort & convenience,Vanity mirror on sun visors,little_flaw
CAR004,comfort_convenience,Comfort & convenience,Adjustable ORVM,damaged
CAR004,comfort_convenience,Comfort & convenience,One touch-down power windows - Driver,little_flaw
CAR004,comfort_convenience,Comfort & convenience,Cup holders,flawless
CAR004,comfort_convenience,Comfort & convenience,Adjustable cluster brightness,flawless
CAR004,comfort_convenience,Comfort & convenience,Digital Clock,flawless
CAR004,comfort_convenience,Comfort & convenience,Power windows position - Front and rear seats,little_flaw
CAR004,comfort_convenience,Comfort & convenience,Rear armrest cup holders,little_flaw
CAR004,comfort_convenience,Comfort & convenience,Power steering type - EPS,flawless
CAR004,comfort_convenience,Comfort & convenience,Dual zone climate control,flawless
CAR004,comfort_convenience,Comfort & convenience,Automatic climate control,flawless
CAR004,comfort_convenience,Comfort & convenience,Steering wheel gearshift paddles,flawless
CAR004,comfort_convenience,Comfort & convenience,Third row cup holders,little_flaw
CAR004,comfort_convenience,Comfort & convenience,Three zone climate control,flawless
CAR004,comfort_convenience,Comfort & convenience,Electrically adjustable ORVM,little_flaw
CAR004,comfort_convenience,Comfort & convenience,Auto dimming IRVM,flawless
CAR004,interior,Interior,Door pockets,flawless
CAR004,interior,Interior,Seat upholstery type - Fabric seats,little_flaw
CAR004,interior,Interior,Digital tripmeter,flawless
CAR004,interior,Interior,Headrests,flawless
CAR004,interior,Interior,Interior door handles,flawless
CAR004,interior,Interior,Digital cockpit,flawless
CAR004,interior,Interior,Digital odometer,flawless
CAR004,interior,Interior,Digital Instrument cluster,flawless
CAR004,exterior,Exterior,Outside rear view mirrors (ORVMs),flawless
CAR004,exterior,Exterior,Rear power window,flawless
CAR004,exterior,Exterior,Body colored bumpers,flawless
CAR004,exterior,Exterior,Tail lamps - Conventional,flawless
CAR004,exterior,Exterior,Exterior door handle colour - Body Coloured,flawless
CAR004,exterior,Exterior,Headlights Bulb type - Halogen,flawless
CAR004,exterior,Exterior,Tail lamps type - Conventional,flawless
CAR004,exterior,Exterior,Xenon headlamps / hid-headlamps,damaged
CAR005,safety,Safety,Engine immobilizer,flawless
CAR005,safety,Safety,Anti theft device,little_flaw
CAR005,safety,Safety,Headlight and ignition off reminder,damaged
CAR005,safety,Safety,Central locking,flawless
CAR005,safety,Safety,Speed sensing central door locking,flawless
CAR005,safety,Safety,Power door locks,flawless
CAR005,safety,Safety,Child safety lock,damaged
CAR005,safety,Safety,Low fuel level warning,flawless
CAR005,safety,Safety,Door ajar warning,flawless
CAR005,comfort_convenience,Comfort & convenience,Anti-glare mirrors - Manual,damaged
CAR005,comfort_convenience,Comfort & convenience,Folding rear seat,flawless
CAR005,comfort_convenience,Comfort & convenience,Power windows,little_flaw
CAR005,comfort_convenience,Comfort & convenience,Distance to empty display,flawless
CAR005,comfort_convenience,Comfort & convenience,Air conditioner,flawless
CAR005,comfort_convenience,Comfort & convenience,Power steering,flawless
CAR005,comfort_convenience,Comfort & convenience,12V power outlets,flawless
CAR005,comfort_convenience,Comfort & convenience,Vanity mirror on sun visors,damaged
CAR005,comfort_convenience,Comfort & convenience,Adjustable ORVM,flawless
CAR005,comfort_convenience,Comfort & convenience,One touch-down power windows - Driver,flawless
CAR005,comfort_convenience,Comfort & convenience,Cup holders,flawless
CAR005,comfort_convenience,Comfort & convenience,Adjustable cluster brightness,damaged
CAR005,comfort_convenience,Comfort & convenience,Digital Clock,flawless
CAR005,comfort_convenience,Comfort & convenience,Power windows position - Front and rear seats,flawless
CAR005,comfort_convenience,Comfort & convenience,Rear armrest cup holders,flawless
CAR005,comfort_convenience,Comfort & convenience,Power steering type - EPS,flawless
CAR005,comfort_convenience,Comfort & convenience,Dual zone climate control,damaged
CAR005,comfort_convenience,Comfort & convenience,Automatic climate control,flawless
CAR005,comfort_convenience,Comfort & convenience,Steering wheel gearshift paddles,flawless
CAR005,comfort_convenience,Comfort & convenience,Third row cup holders,little_flaw
CAR005,comfort_convenience,Comfort & convenience,Three zone climate control,flawless
CAR005,comfort_convenience,Comfort & convenience,Electrically adjustable ORVM,flawless
CAR005,comfort_convenience,Comfort & convenience,Auto dimming IRVM,flawless
CAR005,interior,Interior,Door pockets,flawless
CAR005,interior,Interior,Seat upholstery type - Fabric seats,flawless
CAR005,interior,Interior,Digital tripmeter,little_flaw
CAR005,interior,Interior,Headrests,flawless
CAR005,interior,Interior,Interior door handles,flawless
CAR005,interior,Interior,Digital cockpit,flawless
CAR005,interior,Interior,Digital odometer,flawless
CAR005,interior,Interior,Digital Instrument cluster,flawless
CAR005,exterior,Exterior,Outside rear view mirrors (ORVMs),damaged
CAR005,exterior,Exterior,Rear power window,flawless
CAR005,exterior,Exterior,Body colored bumpers,damaged
CAR005,exterior,Exterior,Tail lamps - Conventional,flawless
CAR005,exterior,Exterior,Exterior door handle colour - Body Coloured,flawless
CAR005,exterior,Exterior,Headlights Bulb type - Halogen,flawless
CAR005,exterior,Exterior,Tail lamps type - Conventional,little_flaw
CAR005,exterior,Exterior,Xenon headlamps / hid-headlamps,flawless
CAR006,safety,Safety,Engine immobilizer,flawless
CAR006,safety,Safety,Anti theft device,flawless
CAR006,safety,Safety,Headlight and ignition off reminder,flawless
CAR006,safety,Safety,Central locking,little_flaw
CAR006,safety,Safety,Speed sensing central door locking,flawless
CAR006,safety,Safety,Power door locks,flawless
CAR006,safety,Safety,Child safety lock,flawless
CAR006,safety,Safety,Low fuel level warning,flawless
CAR006,safety,Safety,Door ajar warning,flawless
CAR006,comfort_convenience,Comfort & convenience,Anti-glare mirrors - Manual,flawless
CAR006,comfort_convenience,Comfort & convenience,Folding rear seat,damaged
CAR006,comfort_convenience,Comfort & convenience,Power windows,flawless
CAR006,comfort_convenience,Comfort & convenience,Distance to empty display,flawless
CAR006,comfort_convenience,Comfort & convenience,Air conditioner,flawless
CAR006,comfort_convenience,Comfort & convenience,Power steering,flawless
CAR006,comfort_convenience,Comfort & convenience,12V power outlets,flawless
CAR006,comfort_convenience,Comfort & convenience,Vanity mirror on sun visors,flawless
CAR006,comfort_convenience,Comfort & convenience,Adjustable ORVM,flawless
CAR006,comfort_convenience,Comfort & convenience,One touch-down power windows - Driver,flawless
CAR006,comfort_convenience,Comfort & convenience,Cup holders,flawless
CAR006,comfort_convenience,Comfort & convenience,Adjustable cluster brightness,flawless
CAR006,comfort_convenience,Comfort & convenience,Digital Clock,flawless
CAR006,comfort_convenience,Comfort & convenience,Power windows position - Front and rear seats,flawless
CAR006,comfort_convenience,Comfort & convenience,Rear armrest cup holders,flawless
CAR006,comfort_convenience,Comfort & convenience,Power steering type - EPS,flawless
CAR006,comfort_convenience,Comfort & convenience,Dual zone climate control,flawless
CAR006,comfort_convenience,Comfort & convenience,Automatic climate control,flawless
CAR006,comfort_convenience,Comfort & convenience,Steering wheel gearshift paddles,flawless
CAR006,comfort_convenience,Comfort & convenience,Third row cup holders,flawless
CAR006,comfort_convenience,Comfort & convenience,Three zone climate control,flawless
CAR006,comfort_convenience,Comfort & convenience,Electrically adjustable ORVM,flawless
CAR006,comfort_convenience,Comfort & convenience,Auto dimming IRVM,damaged
CAR006,interior,Interior,Door pockets,damaged
CAR006,interior,Interior,Seat upholstery type - Fabric seats,flawless
CAR006,interior,Interior,Digital tripmeter,flawless
CAR006,interior,Interior,Headrests,flawless
CAR006,interior,Interior,Interior door handles,damaged
CAR006,interior,Interior,Digital cockpit,flawless
CAR006,interior,Interior,Digital odometer,flawless
CAR006,interior,Interior,Digital Instrument cluster,flawless
CAR006,exterior,Exterior,Outside rear view mirrors (ORVMs),little_flaw
CAR006,exterior,Exterior,Rear power window,flawless
CAR006,exterior,Exterior,Body colored bumpers,little_flaw
CAR006,exterior,Exterior,Tail lamps - Conventional,little_flaw
CAR006,exterior,Exterior,Exterior door handle colour - Body Coloured,little_flaw
CAR006,exterior,Exterior,Headlights Bulb type - Halogen,flawless
CAR006,exterior,Exterior,Tail lamps type - Conventional,damaged
CAR006,exterior,Exterior,Xenon headlamps / hid-headlamps,damaged
CAR007,safety,Safety,Engine immobilizer,little_flaw
CAR007,safety,Safety,Anti theft device,little_flaw
CAR007,safety,Safety,Headlight and ignition off reminder,flawless
CAR007,safety,Safety,Central locking,flawless
CAR007,safety,Safety,Speed sensing central door locking,flawless
CAR007,safety,Safety,Power door locks,flawless
CAR007,safety,Safety,Child safety lock,flawless
CAR007,safety,Safety,Low fuel level warning,little_flaw
CAR007,safety,Safety,Door ajar warning,flawless
CAR007,comfort_convenience,Comfort & convenience,Anti-glare mirrors - Manual,flawless
CAR007,comfort_convenience,Comfort & convenience,Folding rear seat,flawless
CAR007,comfort_convenience,Comfort & convenience,Power windows,little_flaw
CAR007,comfort_convenience,Comfort & convenience,Distance to empty display,little_flaw
CAR007,comfort_convenience,Comfort & convenience,Air conditioner,flawless
CAR007,comfort_convenience,Comfort & convenience,Power steering,flawless
CAR007,comfort_convenience,Comfort & convenience,12V power outlets,flawless
CAR007,comfort_convenience,Comfort & convenience,Vanity mirror on sun visors,damaged
CAR007,comfort_convenience,Comfort & convenience,Adjustable ORVM,flawless
CAR007,comfort_convenience,Comfort & convenience,One touch-down power windows - Driver,flawless
CAR007,comfort_convenience,Comfort & convenience,Cup holders,little_flaw
CAR007,comfort_convenience,Comfort & convenience,Adjustable cluster brightness,flawless
CAR007,comfort_convenience,Comfort & convenience,Digital Clock,little_flaw
CAR007,comfort_convenience,Comfort & convenience,Power windows position - Front and rear seats,flawless
CAR007,comfort_convenience,Comfort & convenience,Rear armrest cup holders,little_flaw
CAR007,comfort_convenience,Comfort & convenience,Power steering type - EPS,flawless
CAR007,comfort_convenience,Comfort & convenience,Dual zone climate control,flawless
CAR007,comfort_convenience,Comfort & convenience,Automatic climate control,damaged
CAR007,comfort_convenience,Comfort & convenience,Steering wheel gearshift paddles,damaged
CAR007,comfort_convenience,Comfort & convenience,Third row cup holders,flawless
CAR007,comfort_convenience,Comfort & convenience,Three zone climate control,damaged
CAR007,comfort_convenience,Comfort & convenience,Electrically adjustable ORVM,flawless
CAR007,comfort_convenience,Comfort & convenience,Auto dimming IRVM,flawless
CAR007,interior,Interior,Door pockets,flawless
CAR007,interior,Interior,Seat upholstery type - Fabric seats,little_flaw
CAR007,interior,Interior,Digital tripmeter,flawless
CAR007,interior,Interior,Headrests,flawless
CAR007,interior,Interior,Interior door handles,flawless
CAR007,interior,Interior,Digital cockpit,flawless
CAR007,interior,Interior,Digital odometer,flawless
CAR007,interior,Interior,Digital Instrument cluster,flawless
CAR007,exterior,Exterior,Outside rear view mirrors (ORVMs),flawless
CAR007,exterior,Exterior,Rear power window,flawless
CAR007,exterior,Exterior,Body colored bumpers,flawless
CAR007,exterior,Exterior,Tail lamps - Conventional,flawless
CAR007,exterior,Exterior,Exterior door handle colour - Body Coloured,flawless
CAR007,exterior,Exterior,Headlights Bulb type - Halogen,flawless
CAR007,exterior,Exterior,Tail lamps type - Conventional,flawless
CAR007,exterior,Exterior,Xenon headlamps / hid-headlamps,damaged
CAR008,safety,Safety,Engine immobilizer,flawless
CAR008,safety,Safety,Anti theft device,flawless
CAR008,safety,Safety,Headlight and ignition off reminder,damaged
CAR008,safety,Safety,Central locking,little_flaw
CAR008,safety,Safety,Speed sensing central door locking,flawless
CAR008,safety,Safety,Power door locks,flawless
CAR008,safety,Safety,Child safety lock,flawless
CAR008,safety,Safety,Low fuel level warning,flawless
CAR008,safety,Safety,Door ajar warning,flawless
CAR008,comfort_convenience,Comfort & convenience,Anti-glare mirrors - Manual,flawless
CAR008,comfort_convenience,Comfort & convenience,Folding rear seat,damaged
CAR008,comfort_convenience,Comfort & convenience,Power windows,flawless
CAR008,comfort_convenience,Comfort & convenience,Distance to empty display,flawless
CAR008,comfort_convenience,Comfort & convenience,Air conditioner,flawless
CAR008,comfort_convenience,Comfort & convenience,Power steering,flawless
CAR008,comfort_convenience,Comfort & convenience,12V power outlets,flawless
CAR008,comfort_convenience,Comfort & convenience,Vanity mirror on sun visors,flawless
CAR008,comfort_convenience,Comfort & convenience,Adjustable ORVM,flawless
CAR008,comfort_convenience,Comfort & convenience,One touch-down power windows - Driver,damaged
CAR008,comfort_convenience,Comfort & convenience,Cup holders,flawless
CAR008,comfort_convenience,Comfort & convenience,Adjustable cluster brightness,flawless
CAR008,comfort_convenience,Comfort & convenience,Digital Clock,flawless
CAR008,comfort_convenience,Comfort & convenience,Power windows position - Front and rear seats,flawless
CAR008,comfort_convenience,Comfort & convenience,Rear armrest cup holders,damaged
CAR008,comfort_convenience,Comfort & convenience,Power steering type - EPS,damaged
CAR008,comfort_convenience,Comfort & convenience,Dual zone climate control,little_flaw
CAR008,comfort_convenience,Comfort & convenience,Automatic climate control,flawless
CAR008,comfort_convenience,Comfort & convenience,Steering wheel gearshift paddles,flawless
CAR008,comfort_convenience,Comfort & convenience,Third row cup holders,flawless
CAR008,comfort_convenience,Comfort & convenience,Three zone climate control,flawless
CAR008,comfort_convenience,Comfort & convenience,Electrically adjustable ORVM,damaged
CAR008,comfort_convenience,Comfort & convenience,Auto dimming IRVM,little_flaw
CAR008,interior,Interior,Door pockets,damaged
CAR008,interior,Interior,Seat upholstery type - Fabric seats,flawless
CAR008,interior,Interior,Digital tripmeter,flawless
CAR008,interior,Interior,Headrests,flawless
CAR008,interior,Interior,Interior door handles,damaged
CAR008,interior,Interior,Digital cockpit,flawless
CAR008,interior,Interior,Digital odometer,flawless
CAR008,interior,Interior,Digital Instrument cluster,flawless
CAR008,exterior,Exterior,Outside rear view mirrors (ORVMs),flawless
CAR008,exterior,Exterior,Rear power window,flawless
CAR008,exterior,Exterior,Body colored bumpers,flawless
CAR008,exterior,Exterior,Tail lamps - Conventional,flawless
CAR008,exterior,Exterior,Exterior door handle colour - Body Coloured,flawless
CAR008,exterior,Exterior,Headlights Bulb type - Halogen,little_flaw
CAR008,exterior,Exterior,Tail lamps type - Conventional,flawless
CAR008,exterior,Exterior,Xenon headlamps / hid-headlamps,flawless
CAR009,safety,Safety,Engine immobilizer,little_flaw
CAR009,safety,Safety,Anti theft device,damaged
CAR009,safety,Safety,Headlight and ignition off reminder,flawless
CAR009,safety,Safety,Central locking,damaged
CAR009,safety,Safety,Speed sensing central door locking,flawless
CAR009,safety,Safety,Power door locks,flawless
CAR009,safety,Safety,Child safety lock,damaged
CAR009,safety,Safety,Low fuel level warning,little_flaw
CAR009,safety,Safety,Door ajar warning,flawless
CAR009,comfort_convenience,Comfort & convenience,Anti-glare mirrors - Manual,little_flaw
CAR009,comfort_convenience,Comfort & convenience,Folding rear seat,flawless
CAR009,comfort_convenience,Comfort & convenience,Power windows,flawless
CAR009,comfort_convenience,Comfort & convenience,Distance to empty display,flawless
CAR009,comfort_convenience,Comfort & convenience,Air conditioner,little_flaw
CAR009,comfort_convenience,Comfort & convenience,Power steering,flawless
CAR009,comfort_convenience,Comfort & convenience,12V power outlets,flawless
CAR009,comfort_convenience,Comfort & convenience,Vanity mirror on sun visors,little_flaw
CAR009,comfort_convenience,Comfort & convenience,Adjustable ORVM,flawless
CAR009,comfort_convenience,Comfort & convenience,One touch-down power windows - Driver,flawless
CAR009,comfort_convenience,Comfort & convenience,Cup holders,flawless
CAR009,comfort_convenience,Comfort & convenience,Adjustable cluster brightness,flawless
CAR009,comfort_convenience,Comfort & convenience,Digital Clock,flawless
CAR009,comfort_convenience,Comfort & convenience,Power windows position - Front and rear seats,flawless
CAR009,comfort_convenience,Comfort & convenience,Rear armrest cup holders,flawless
CAR009,comfort_convenience,Comfort & convenience,Power steering type - EPS,flawless
CAR009,comfort_convenience,Comfort & convenience,Dual zone climate control,little_flaw
CAR009,comfort_convenience,Comfort & convenience,Automatic climate control,little_flaw
CAR009,comfort_convenience,Comfort & convenience,Steering wheel gearshift paddles,damaged
CAR009,comfort_convenience,Comfort & convenience,Third row cup holders,little_flaw
CAR009,comfort_convenience,Comfort & convenience,Three zone climate control,flawless
CAR009,comfort_convenience,Comfort & convenience,Electrically adjustable ORVM,flawless
CAR009,comfort_convenience,Comfort & convenience,Auto dimming IRVM,damaged
CAR009,interior,Interior,Door pockets,flawless
CAR009,interior,Interior,Seat upholstery type - Fabric seats,flawless
CAR009,interior,Interior,Digital tripmeter,flawless
CAR009,interior,Interior,Headrests,damaged
CAR009,interior,Interior,Interior door handles,flawless
CAR009,interior,Interior,Digital cockpit,damaged
CAR009,interior,Interior,Digital odometer,little_flaw
CAR009,interior,Interior,Digital Instrument cluster,flawless
CAR009,exterior,Exterior,Outside rear view mirrors (ORVMs),flawless
CAR009,exterior,Exterior,Rear power window,flawless
CAR009,exterior,Exterior,Body colored bumpers,flawless
CAR009,exterior,Exterior,Tail lamps - Conventional,flawless
CAR009,exterior,Exterior,Exterior door handle colour - Body Coloured,flawless
CAR009,exterior,Exterior,Headlights Bulb type - Halogen,damaged
CAR009,exterior,Exterior,Tail lamps type - Conventional,flawless
CAR009,exterior,Exterior,Xenon headlamps / hid-headlamps,flawless
CAR010,safety,Safety,Engine immobilizer,flawless
CAR010,safety,Safety,Anti theft device,flawless
CAR010,safety,Safety,Headlight and ignition off reminder,flawless
CAR010,safety,Safety,Central locking,flawless
CAR010,safety,Safety,Speed sensing central door locking,flawless
CAR010,safety,Safety,Power door locks,little_flaw
CAR010,safety,Safety,Child safety lock,damaged
CAR010,safety,Safety,Low fuel level warning,flawless
CAR010,safety,Safety,Door ajar warning,flawless
CAR010,comfort_convenience,Comfort & convenience,Anti-glare mirrors - Manual,flawless
CAR010,comfort_convenience,Comfort & convenience,Folding rear seat,flawless
CAR010,comfort_convenience,Comfort & convenience,Power windows,flawless
CAR010,comfort_convenience,Comfort & convenience,Distance to empty display,flawless
CAR010,comfort_convenience,Comfort & convenience,Air conditioner,little_flaw
CAR010,comfort_convenience,Comfort & convenience,Power steering,flawless
CAR010,comfort_convenience,Comfort & convenience,12V power outlets,flawless
CAR010,comfort_convenience,Comfort & convenience,Vanity mirror on sun visors,little_flaw
CAR010,comfort_convenience,Comfort & convenience,Adjustable ORVM,flawless
CAR010,comfort_convenience,Comfort & convenience,One touch-down power windows - Driver,little_flaw
CAR010,comfort_convenience,Comfort & convenience,Cup holders,little_flaw
CAR010,comfort_convenience,Comfort & convenience,Adjustable cluster brightness,damaged
CAR010,comfort_convenience,Comfort & convenience,Digital Clock,damaged
CAR010,comfort_convenience,Comfort & convenience,Power windows position - Front and rear seats,damaged
CAR010,comfort_convenience,Comfort & convenience,Rear armrest cup holders,flawless
CAR010,comfort_convenience,Comfort & convenience,Power steering type - EPS,flawless
CAR010,comfort_convenience,Comfort & convenience,Dual zone climate control,flawless
CAR010,comfort_convenience,Comfort & convenience,Automatic climate control,flawless
CAR010,comfort_convenience,Comfort & convenience,Steering wheel gearshift paddles,damaged
CAR010,comfort_convenience,Comfort & convenience,Third row cup holders,flawless
CAR010,comfort_convenience,Comfort & convenience,Three zone climate control,little_flaw
CAR010,comfort_convenience,Comfort & convenience,Electrically adjustable ORVM,flawless
CAR010,comfort_convenience,Comfort & convenience,Auto dimming IRVM,little_flaw
CAR010,interior,Interior,Door pockets,flawless
CAR010,interior,Interior,Seat upholstery type - Fabric seats,flawless
CAR010,interior,Interior,Digital tripmeter,flawless
CAR010,interior,Interior,Headrests,flawless
CAR010,interior,Interior,Interior door handles,flawless
CAR010,interior,Interior,Digital cockpit,flawless
CAR010,interior,Interior,Digital odometer,flawless
CAR010,interior,Interior,Digital Instrument cluster,flawless
CAR010,exterior,Exterior,Outside rear view mirrors (ORVMs),flawless
CAR010,exterior,Exterior,Rear power window,little_flaw
CAR010,exterior,Exterior,Body colored bumpers,flawless
CAR010,exterior,Exterior,Tail lamps - Conventional,little_flaw
CAR010,exterior,Exterior,Exterior door handle colour - Body Coloured,little_flaw
CAR010,exterior,Exterior,Headlights Bulb type - Halogen,little_flaw
CAR010,exterior,Exterior,Tail lamps type - Conventional,flawless
CAR010,exterior,Exterior,Xenon headlamps / hid-headlamps,flawless
CAR011,safety,Safety,Engine immobilizer,flawless
CAR011,safety,Safety,Anti theft device,flawless
CAR011,safety,Safety,Headlight and ignition off reminder,flawless
CAR011,safety,Safety,Central locking,little_flaw
CAR011,safety,Safety,Speed sensing central door locking,little_flaw
CAR011,safety,Safety,Power door locks,flawless
CAR011,safety,Safety,Child safety lock,flawless
CAR011,safety,Safety,Low fuel level warning,flawless
CAR011,safety,Safety,Door ajar warning,flawless
CAR011,comfort_convenience,Comfort & convenience,Anti-glare mirrors - Manual,little_flaw
CAR011,comfort_convenience,Comfort & convenience,Folding rear seat,flawless
CAR011,comfort_convenience,Comfort & convenience,Power windows,flawless
CAR011,comfort_convenience,Comfort & convenience,Distance to empty display,flawless
CAR011,comfort_convenience,Comfort & convenience,Air conditioner,little_flaw
CAR011,comfort_convenience,Comfort & convenience,Power steering,flawless
CAR011,comfort_convenience,Comfort & convenience,12V power outlets,damaged
CAR011,comfort_convenience,Comfort & convenience,Vanity mirror on sun visors,flawless
CAR011,comfort_convenience,Comfort & convenience,Adjustable ORVM,little_flaw
CAR011,comfort_convenience,Comfort & convenience,One touch-down power windows - Driver,flawless
CAR011,comfort_convenience,Comfort & convenience,Cup holders,flawless
CAR011,comfort_convenience,Comfort & convenience,Adjustable cluster brightness,flawless
CAR011,comfort_convenience,Comfort & convenience,Digital Clock,damaged
CAR011,comfort_convenience,Comfort & convenience,Power windows position - Front and rear seats,flawless
CAR011,comfort_convenience,Comfort & convenience,Rear armrest cup holders,damaged
CAR011,comfort_convenience,Comfort & convenience,Power steering type - EPS,damaged
CAR011,comfort_convenience,Comfort & convenience,Dual zone climate control,flawless
CAR011,comfort_convenience,Comfort & convenience,Automatic climate control,little_flaw
CAR011,comfort_convenience,Comfort & convenience,Steering wheel gearshift paddles,flawless
CAR011,comfort_convenience,Comfort & convenience,Third row cup holders,flawless
CAR011,comfort_convenience,Comfort & convenience,Three zone climate control,flawless
CAR011,comfort_convenience,Comfort & convenience,Electrically adjustable ORVM,flawless
CAR011,comfort_convenience,Comfort & convenience,Auto dimming IRVM,flawless
CAR011,interior,Interior,Door pockets,flawless
CAR011,interior,Interior,Seat upholstery type - Fabric seats,damaged
CAR011,interior,Interior,Digital tripmeter,flawless
CAR011,interior,Interior,Headrests,flawless
CAR011,interior,Interior,Interior door handles,flawless
CAR011,interior,Interior,Digital cockpit,flawless
CAR011,interior,Interior,Digital odometer,damaged
CAR011,interior,Interior,Digital Instrument cluster,little_flaw
CAR011,exterior,Exterior,Outside rear view mirrors (ORVMs),flawless
CAR011,exterior,Exterior,Rear power window,flawless
CAR011,exterior,Exterior,Body colored bumpers,little_flaw
CAR011,exterior,Exterior,Tail lamps - Conventional,flawless
CAR011,exterior,Exterior,Exterior door handle colour - Body Coloured,flawless
CAR011,exterior,Exterior,Headlights Bulb type - Halogen,little_flaw
CAR011,exterior,Exterior,Tail lamps type - Conventional,flawless
CAR011,exterior,Exterior,Xenon headlamps / hid-headlamps,flawless
CAR012,safety,Safety,Engine immobilizer,flawless
CAR012,safety,Safety,Anti theft device,flawless
CAR012,safety,Safety,Headlight and ignition off reminder,flawless
CAR012,safety,Safety,Central locking,flawless
CAR012,safety,Safety,Speed sensing central door locking,flawless
CAR012,safety,Safety,Power door locks,flawless
CAR012,safety,Safety,Child safety lock,little_flaw
CAR012,safety,Safety,Low fuel level warning,little_flaw
CAR012,safety,Safety,Door ajar warning,little_flaw
CAR012,comfort_convenience,Comfort & convenience,Anti-glare mirrors - Manual,little_flaw
CAR012,comfort_convenience,Comfort & convenience,Folding rear seat,flawless
CAR012,comfort_convenience,Comfort & convenience,Power windows,damaged
CAR012,comfort_convenience,Comfort & convenience,Distance to empty display,flawless
CAR012,comfort_convenience,Comfort & convenience,Air conditioner,flawless
CAR012,comfort_convenience,Comfort & convenience,Power steering,flawless
CAR012,comfort_convenience,Comfort & convenience,12V power outlets,little_flaw
CAR012,comfort_convenience,Comfort & convenience,Vanity mirror on sun visors,damaged
CAR012,comfort_convenience,Comfort & convenience,Adjustable ORVM,little_flaw
CAR012,comfort_convenience,Comfort & convenience,One touch-down power windows - Driver,flawless
CAR012,comfort_convenience,Comfort & convenience,Cup holders,flawless
CAR012,comfort_convenience,Comfort & convenience,Adjustable cluster brightness,flawless
CAR012,comfort_convenience,Comfort & convenience,Digital Clock,flawless
CAR012,comfort_convenience,Comfort & convenience,Power windows position - Front and rear seats,flawless
CAR012,comfort_convenience,Comfort & convenience,Rear armrest cup holders,little_flaw
CAR012,comfort_convenience,Comfort & convenience,Power steering type - EPS,little_flaw
CAR012,comfort_convenience,Comfort & convenience,Dual zone climate control,flawless
CAR012,comfort_convenience,Comfort & convenience,Automatic climate control,flawless
CAR012,comfort_convenience,Comfort & convenience,Steering wheel gearshift paddles,flawless
CAR012,comfort_convenience,Comfort & convenience,Third row cup holders,little_flaw
CAR012,comfort_convenience,Comfort & convenience,Three zone climate control,flawless
CAR012,comfort_convenience,Comfort & convenience,Electrically adjustable ORVM,flawless
CAR012,comfort_convenience,Comfort & convenience,Auto dimming IRVM,flawless
CAR012,interior,Interior,Door pockets,little_flaw
CAR012,interior,Interior,Seat upholstery type - Fabric seats,little_flaw
CAR012,interior,Interior,Digital tripmeter,flawless
CAR012,interior,Interior,Headrests,damaged
CAR012,interior,Interior,Interior door handles,flawless
CAR012,interior,Interior,Digital cockpit,flawless
CAR012,interior,Interior,Digital odometer,flawless
CAR012,interior,Interior,Digital Instrument cluster,flawless
CAR012,exterior,Exterior,Outside rear view mirrors (ORVMs),flawless
CAR012,exterior,Exterior,Rear power window,flawless
CAR012,exterior,Exterior,Body colored bumpers,flawless
CAR012,exterior,Exterior,Tail lamps - Conventional,flawless
CAR012,exterior,Exterior,Exterior door handle colour - Body Coloured,flawless
CAR012,exterior,Exterior,Headlights Bulb type - Halogen,flawless
CAR012,exterior,Exterior,Tail lamps type - Conventional,little_flaw
CAR012,exterior,Exterior,Xenon headlamps / hid-headlamps,flawless
CAR013,safety,Safety,Engine immobilizer,damaged
CAR013,safety,Safety,Anti theft device,flawless
CAR013,safety,Safety,Headlight and ignition off reminder,damaged
CAR013,safety,Safety,Central locking,little_flaw
CAR013,safety,Safety,Speed sensing central door locking,flawless
CAR013,safety,Safety,Power door locks,flawless
CAR013,safety,Safety,Child safety lock,flawless
CAR013,safety,Safety,Low fuel level warning,flawless
CAR013,safety,Safety,Door ajar warning,little_flaw
CAR013,comfort_convenience,Comfort & convenience,Anti-glare mirrors - Manual,little_flaw
CAR013,comfort_convenience,Comfort & convenience,Folding rear seat,flawless
CAR013,comfort_convenience,Comfort & convenience,Power windows,little_flaw
CAR013,comfort_convenience,Comfort & convenience,Distance to empty display,flawless
CAR013,comfort_convenience,Comfort & convenience,Air conditioner,flawless
CAR013,comfort_convenience,Comfort & convenience,Power steering,flawless
CAR013,comfort_convenience,Comfort & convenience,12V power outlets,little_flaw
CAR013,comfort_convenience,Comfort & convenience,Vanity mirror on sun visors,little_flaw
CAR013,comfort_convenience,Comfort & convenience,Adjustable ORVM,flawless
CAR013,comfort_convenience,Comfort & convenience,One touch-down power windows - Driver,flawless
CAR013,comfort_convenience,Comfort & convenience,Cup holders,flawless
CAR013,comfort_convenience,Comfort & convenience,Adjustable cluster brightness,flawless
CAR013,comfort_convenience,Comfort & convenience,Digital Clock,flawless
CAR013,comfort_convenience,Comfort & convenience,Power windows position - Front and rear seats,damaged
CAR013,comfort_convenience,Comfort & convenience,Rear armrest cup holders,flawless
CAR013,comfort_convenience,Comfort & convenience,Power steering type - EPS,flawless
CAR013,comfort_convenience,Comfort & convenience,Dual zone climate control,damaged
CAR013,comfort_convenience,Comfort & convenience,Automatic climate control,flawless
CAR013,comfort_convenience,Comfort & convenience,Steering wheel gearshift paddles,little_flaw
CAR013,comfort_convenience,Comfort & convenience,Third row cup holders,little_flaw
CAR013,comfort_convenience,Comfort & convenience,Three zone climate control,flawless
CAR013,comfort_convenience,Comfort & convenience,Electrically adjustable ORVM,flawless
CAR013,comfort_convenience,Comfort & convenience,Auto dimming IRVM,flawless
CAR013,interior,Interior,Door pockets,flawless
CAR013,interior,Interior,Seat upholstery type - Fabric seats,flawless
CAR013,interior,Interior,Digital tripmeter,flawless
CAR013,interior,Interior,Headrests,flawless
CAR013,interior,Interior,Interior door handles,flawless
CAR013,interior,Interior,Digital cockpit,flawless
CAR013,interior,Interior,Digital odometer,flawless
CAR013,interior,Interior,Digital Instrument cluster,flawless
CAR013,exterior,Exterior,Outside rear view mirrors (ORVMs),flawless
CAR013,exterior,Exterior,Rear power window,flawless
CAR013,exterior,Exterior,Body colored bumpers,little_flaw
CAR013,exterior,Exterior,Tail lamps - Conventional,flawless
CAR013,exterior,Exterior,Exterior door handle colour - Body Coloured,flawless
CAR013,exterior,Exterior,Headlights Bulb type - Halogen,flawless
CAR013,exterior,Exterior,Tail lamps type - Conventional,damaged
CAR013,exterior,Exterior,Xenon headlamps / hid-headlamps,little_flaw
CAR014,safety,Safety,Engine immobilizer,little_flaw
CAR014,safety,Safety,Anti theft device,little_flaw
CAR014,safety,Safety,Headlight and ignition off reminder,little_flaw
CAR014,safety,Safety,Central locking,little_flaw
CAR014,safety,Safety,Speed sensing central door locking,flawless
CAR014,safety,Safety,Power door locks,flawless
CAR014,safety,Safety,Child safety lock,flawless
CAR014,safety,Safety,Low fuel level warning,flawless
CAR014,safety,Safety,Door ajar warning,little_flaw
CAR014,comfort_convenience,Comfort & convenience,Anti-glare mirrors - Manual,flawless
CAR014,comfort_convenience,Comfort & convenience,Folding rear seat,flawless
CAR014,comfort_convenience,Comfort & convenience,Power windows,flawless
CAR014,comfort_convenience,Comfort & convenience,Distance to empty display,flawless
CAR014,comfort_convenience,Comfort & convenience,Air conditioner,flawless
CAR014,comfort_convenience,Comfort & convenience,Power steering,flawless
CAR014,comfort_convenience,Comfort & convenience,12V power outlets,flawless
CAR014,comfort_convenience,Comfort & convenience,Vanity mirror on sun visors,flawless
CAR014,comfort_convenience,Comfort & convenience,Adjustable ORVM,little_flaw
CAR014,comfort_convenience,Comfort & convenience,One touch-down power windows - Driver,flawless
CAR014,comfort_convenience,Comfort & convenience,Cup holders,flawless
CAR014,comfort_convenience,Comfort & convenience,Adjustable cluster brightness,flawless
CAR014,comfort_convenience,Comfort & convenience,Digital Clock,flawless
CAR014,comfort_convenience,Comfort & convenience,Power windows position - Front and rear seats,flawless
CAR014,comfort_convenience,Comfort & convenience,Rear armrest cup holders,flawless
CAR014,comfort_convenience,Comfort & convenience,Power steering type - EPS,flawless
CAR014,comfort_convenience,Comfort & convenience,Dual zone climate control,flawless
CAR014,comfort_convenience,Comfort & convenience,Automatic climate control,flawless
CAR014,comfort_convenience,Comfort & convenience,Steering wheel gearshift paddles,flawless
CAR014,comfort_convenience,Comfort & convenience,Third row cup holders,flawless
CAR014,comfort_convenience,Comfort & convenience,Three zone climate control,flawless
CAR014,comfort_convenience,Comfort & convenience,Electrically adjustable ORVM,little_flaw
CAR014,comfort_convenience,Comfort & convenience,Auto dimming IRVM,flawless
CAR014,interior,Interior,Door pockets,flawless
CAR014,interior,Interior,Seat upholstery type - Fabric seats,flawless
CAR014,interior,Interior,Digital tripmeter,little_flaw
CAR014,interior,Interior,Headrests,flawless
CAR014,interior,Interior,Interior door handles,little_flaw
CAR014,interior,Interior,Digital cockpit,flawless
CAR014,interior,Interior,Digital odometer,flawless
CAR014,interior,Interior,Digital Instrument cluster,little_flaw
CAR014,exterior,Exterior,Outside rear view mirrors (ORVMs),flawless
CAR014,exterior,Exterior,Rear power window,flawless
CAR014,exterior,Exterior,Body colored bumpers,little_flaw
CAR014,exterior,Exterior,Tail lamps - Conventional,little_flaw
CAR014,exterior,Exterior,Exterior door handle colour - Body Coloured,flawless
CAR014,exterior,Exterior,Headlights Bulb type - Halogen,flawless
CAR014,exterior,Exterior,Tail lamps type - Conventional,flawless
CAR014,exterior,Exterior,Xenon headlamps / hid-headlamps,flawless
CAR015,safety,Safety,Engine immobilizer,flawless
CAR015,safety,Safety,Anti theft device,flawless
CAR015,safety,Safety,Headlight and ignition off reminder,flawless
CAR015,safety,Safety,Central locking,flawless
CAR015,safety,Safety,Speed sensing central door locking,flawless
CAR015,safety,Safety,Power door locks,flawless
CAR015,safety,Safety,Child safety lock,flawless
CAR015,safety,Safety,Low fuel level warning,flawless
CAR015,safety,Safety,Door ajar warning,flawless
CAR015,comfort_convenience,Comfort & convenience,Anti-glare mirrors - Manual,flawless
CAR015,comfort_convenience,Comfort & convenience,Folding rear seat,flawless
CAR015,comfort_convenience,Comfort & convenience,Power windows,flawless
CAR015,comfort_convenience,Comfort & convenience,Distance to empty display,flawless
CAR015,comfort_convenience,Comfort & convenience,Air conditioner,flawless
CAR015,comfort_convenience,Comfort & convenience,Power steering,flawless
CAR015,comfort_convenience,Comfort & convenience,12V power outlets,damaged
CAR015,comfort_convenience,Comfort & convenience,Vanity mirror on sun visors,flawless
CAR015,comfort_convenience,Comfort & convenience,Adjustable ORVM,flawless
CAR015,comfort_convenience,Comfort & convenience,One touch-down power windows - Driver,flawless
CAR015,comfort_convenience,Comfort & convenience,Cup holders,little_flaw
CAR015,comfort_convenience,Comfort & convenience,Adjustable cluster brightness,little_flaw
CAR015,comfort_convenience,Comfort & convenience,Digital Clock,flawless
CAR015,comfort_convenience,Comfort & convenience,Power windows position - Front and rear seats,damaged
CAR015,comfort_convenience,Comfort & convenience,Rear armrest cup holders,flawless
CAR015,comfort_convenience,Comfort & convenience,Power steering type - EPS,little_flaw
CAR015,comfort_convenience,Comfort & convenience,Dual zone climate control,flawless
CAR015,comfort_convenience,Comfort & convenience,Automatic climate control,little_flaw
CAR015,comfort_convenience,Comfort & convenience,Steering wheel gearshift paddles,flawless
CAR015,comfort_convenience,Comfort & convenience,Third row cup holders,flawless
CAR015,comfort_convenience,Comfort & convenience,Three zone climate control,damaged
CAR015,comfort_convenience,Comfort & convenience,Electrically adjustable ORVM,little_flaw
CAR015,comfort_convenience,Comfort & convenience,Auto dimming IRVM,little_flaw
CAR015,interior,Interior,Door pockets,flawless
CAR015,interior,Interior,Seat upholstery type - Fabric seats,damaged
CAR015,interior,Interior,Digital tripmeter,flawless
CAR015,interior,Interior,Headrests,flawless
CAR015,interior,Interior,Interior door handles,little_flaw
CAR015,interior,Interior,Digital cockpit,flawless
CAR015,interior,Interior,Digital odometer,little_flaw
CAR015,interior,Interior,Digital Instrument cluster,flawless
CAR015,exterior,Exterior,Outside rear view mirrors (ORVMs),little_flaw
CAR015,exterior,Exterior,Rear power window,flawless
CAR015,exterior,Exterior,Body colored bumpers,flawless
CAR015,exterior,Exterior,Tail lamps - Conventional,little_flaw
CAR015,exterior,Exterior,Exterior door handle colour - Body Coloured,flawless
CAR015,exterior,Exterior,Headlights Bulb type - Halogen,flawless
CAR015,exterior,Exterior,Tail lamps type - Conventional,flawless
CAR015,exterior,Exterior,Xenon headlamps / hid-headlamps,little_flaw
CAR016,safety,Safety,Engine immobilizer,flawless
CAR016,safety,Safety,Anti theft device,flawless
CAR016,safety,Safety,Headlight and ignition off reminder,flawless
CAR016,safety,Safety,Central locking,flawless
CAR016,safety,Safety,Speed sensing central door locking,damaged
CAR016,safety,Safety,Power door locks,little_flaw
CAR016,safety,Safety,Child safety lock,flawless
CAR016,safety,Safety,Low fuel level warning,flawless
CAR016,safety,Safety,Door ajar warning,flawless
CAR016,comfort_convenience,Comfort & convenience,Anti-glare mirrors - Manual,flawless
CAR016,comfort_convenience,Comfort & convenience,Folding rear seat,flawless
CAR016,comfort_convenience,Comfort & convenience,Power windows,flawless
CAR016,comfort_convenience,Comfort & convenience,Distance to empty display,flawless
CAR016,comfort_convenience,Comfort & convenience,Air conditioner,flawless
CAR016,comfort_convenience,Comfort & convenience,Power steering,flawless
CAR016,comfort_convenience,Comfort & convenience,12V power outlets,flawless
CAR016,comfort_convenience,Comfort & convenience,Vanity mirror on sun visors,flawless
CAR016,comfort_convenience,Comfort & convenience,Adjustable ORVM,flawless
CAR016,comfort_convenience,Comfort & convenience,One touch-down power windows - Driver,flawless
CAR016,comfort_convenience,Comfort & convenience,Cup holders,flawless
CAR016,comfort_convenience,Comfort & convenience,Adjustable cluster brightness,flawless
CAR016,comfort_convenience,Comfort & convenience,Digital Clock,little_flaw
CAR016,comfort_convenience,Comfort & convenience,Power windows position - Front and rear seats,flawless
CAR016,comfort_convenience,Comfort & convenience,Rear armrest cup holders,flawless
CAR016,comfort_convenience,Comfort & convenience,Power steering type - EPS,little_flaw
CAR016,comfort_convenience,Comfort & convenience,Dual zone climate control,flawless
CAR016,comfort_convenience,Comfort & convenience,Automatic climate control,flawless
CAR016,comfort_convenience,Comfort & convenience,Steering wheel gearshift paddles,flawless
CAR016,comfort_convenience,Comfort & convenience,Third row cup holders,flawless
CAR016,comfort_convenience,Comfort & convenience,Three zone climate control,flawless
CAR016,comfort_convenience,Comfort & convenience,Electrically adjustable ORVM,little_flaw
CAR016,comfort_convenience,Comfort & convenience,Auto dimming IRVM,little_flaw
CAR016,interior,Interior,Door pockets,flawless
CAR016,interior,Interior,Seat upholstery type - Fabric seats,little_flaw
CAR016,interior,Interior,Digital tripmeter,flawless
CAR016,interior,Interior,Headrests,damaged
CAR016,interior,Interior,Interior door handles,little_flaw
CAR016,interior,Interior,Digital cockpit,little_flaw
CAR016,interior,Interior,Digital odometer,flawless
CAR016,interior,Interior,Digital Instrument cluster,flawless
CAR016,exterior,Exterior,Outside rear view mirrors (ORVMs),flawless
CAR016,exterior,Exterior,Rear power window,flawless
CAR016,exterior,Exterior,Body colored bumpers,damaged
CAR016,exterior,Exterior,Tail lamps - Conventional,little_flaw
CAR016,exterior,Exterior,Exterior door handle colour - Body Coloured,flawless
CAR016,exterior,Exterior,Headlights Bulb type - Halogen,flawless
CAR016,exterior,Exterior,Tail lamps type - Conventional,flawless
CAR016,exterior,Exterior,Xenon headlamps / hid-headlamps,flawless
CAR017,safety,Safety,Engine immobilizer,flawless
CAR017,safety,Safety,Anti theft device,damaged
CAR017,safety,Safety,Headlight and ignition off reminder,flawless
CAR017,safety,Safety,Central locking,flawless
CAR017,safety,Safety,Speed sensing central door locking,little_flaw
CAR017,safety,Safety,Power door locks,damaged
CAR017,safety,Safety,Child safety lock,flawless
CAR017,safety,Safety,Low fuel level warning,little_flaw
CAR017,safety,Safety,Door ajar warning,flawless
CAR017,comfort_convenience,Comfort & convenience,Anti-glare mirrors - Manual,little_flaw
CAR017,comfort_convenience,Comfort & convenience,Folding rear seat,flawless
CAR017,comfort_convenience,Comfort & convenience,Power windows,flawless
CAR017,comfort_convenience,Comfort & convenience,Distance to empty display,damaged
CAR017,comfort_convenience,Comfort & convenience,Air conditioner,little_flaw
CAR017,comfort_convenience,Comfort & convenience,Power steering,flawless
CAR017,comfort_convenience,Comfort & convenience,12V power outlets,flawless
CAR017,comfort_convenience,Comfort & convenience,Vanity mirror on sun visors,little_flaw
CAR017,comfort_convenience,Comfort & convenience,Adjustable ORVM,flawless
CAR017,comfort_convenience,Comfort & convenience,One touch-down power windows - Driver,flawless
CAR017,comfort_convenience,Comfort & convenience,Cup holders,little_flaw
CAR017,comfort_convenience,Comfort & convenience,Adjustable cluster brightness,flawless
CAR017,comfort_convenience,Comfort & convenience,Digital Clock,flawless
CAR017,comfort_convenience,Comfort & convenience,Power windows position - Front and rear seats,flawless
CAR017,comfort_convenience,Comfort & convenience,Rear armrest cup holders,flawless
CAR017,comfort_convenience,Comfort & convenience,Power steering type - EPS,little_flaw
CAR017,comfort_convenience,Comfort & convenience,Dual zone climate control,little_flaw
CAR017,comfort_convenience,Comfort & convenience,Automatic climate control,damaged
CAR017,comfort_convenience,Comfort & convenience,Steering wheel gearshift paddles,flawless
CAR017,comfort_convenience,Comfort & convenience,Third row cup holders,flawless
CAR017,comfort_convenience,Comfort & convenience,Three zone climate control,flawless
CAR017,comfort_convenience,Comfort & convenience,Electrically adjustable ORVM,flawless
CAR017,comfort_convenience,Comfort & convenience,Auto dimming IRVM,flawless
CAR017,interior,Interior,Door pockets,flawless
CAR017,interior,Interior,Seat upholstery type - Fabric seats,little_flaw
CAR017,interior,Interior,Digital tripmeter,little_flaw
CAR017,interior,Interior,Headrests,flawless
CAR017,interior,Interior,Interior door handles,flawless
CAR017,interior,Interior,Digital cockpit,flawless
CAR017,interior,Interior,Digital odometer,flawless
CAR017,interior,Interior,Digital Instrument cluster,flawless
CAR017,exterior,Exterior,Outside rear view mirrors (ORVMs),flawless
CAR017,exterior,Exterior,Rear power window,flawless
CAR017,exterior,Exterior,Body colored bumpers,flawless
CAR017,exterior,Exterior,Tail lamps - Conventional,flawless
CAR017,exterior,Exterior,Exterior door handle colour - Body Coloured,little_flaw
CAR017,exterior,Exterior,Headlights Bulb type - Halogen,flawless
CAR017,exterior,Exterior,Tail lamps type - Conventional,flawless
CAR017,exterior,Exterior,Xenon headlamps / hid-headlamps,flawless
CAR018,safety,Safety,Engine immobilizer,flawless
CAR018,safety,Safety,Anti theft device,flawless
CAR018,safety,Safety,Headlight and ignition off reminder,little_flaw
CAR018,safety,Safety,Central locking,little_flaw
CAR018,safety,Safety,Speed sensing central door locking,damaged
CAR018,safety,Safety,Power door locks,damaged
CAR018,safety,Safety,Child safety lock,flawless
CAR018,safety,Safety,Low fuel level warning,flawless
CAR018,safety,Safety,Door ajar warning,little_flaw
CAR018,comfort_convenience,Comfort & convenience,Anti-glare mirrors - Manual,flawless
CAR018,comfort_convenience,Comfort & convenience,Folding rear seat,little_flaw
CAR018,comfort_convenience,Comfort & convenience,Power windows,flawless
CAR018,comfort_convenience,Comfort & convenience,Distance to empty display,flawless
CAR018,comfort_convenience,Comfort & convenience,Air conditioner,flawless
CAR018,comfort_convenience,Comfort & convenience,Power steering,flawless
CAR018,comfort_convenience,Comfort & convenience,12V power outlets,flawless
CAR018,comfort_convenience,Comfort & convenience,Vanity mirror on sun visors,flawless
CAR018,comfort_convenience,Comfort & convenience,Adjustable ORVM,flawless
CAR018,comfort_convenience,Comfort & convenience,One touch-down power windows - Driver,little_flaw
CAR018,comfort_convenience,Comfort & convenience,Cup holders,flawless
CAR018,comfort_convenience,Comfort & convenience,Adjustable cluster brightness,flawless
CAR018,comfort_convenience,Comfort & convenience,Digital Clock,flawless
CAR018,comfort_convenience,Comfort & convenience,Power windows position - Front and rear seats,flawless
CAR018,comfort_convenience,Comfort & convenience,Rear armrest cup holders,flawless
CAR018,comfort_convenience,Comfort & convenience,Power steering type - EPS,flawless
CAR018,comfort_convenience,Comfort & convenience,Dual zone climate control,little_flaw
CAR018,comfort_convenience,Comfort & convenience,Automatic climate control,flawless
CAR018,comfort_convenience,Comfort & convenience,Steering wheel gearshift paddles,flawless
CAR018,comfort_convenience,Comfort & convenience,Third row cup holders,flawless
CAR018,comfort_convenience,Comfort & convenience,Three zone climate control,little_flaw
CAR018,comfort_convenience,Comfort & convenience,Electrically adjustable ORVM,little_flaw
CAR018,comfort_convenience,Comfort & convenience,Auto dimming IRVM,flawless
CAR018,interior,Interior,Door pockets,flawless
CAR018,interior,Interior,Seat upholstery type - Fabric seats,flawless
CAR018,interior,Interior,Digital tripmeter,little_flaw
CAR018,interior,Interior,Headrests,flawless
CAR018,interior,Interior,Interior door handles,flawless
CAR018,interior,Interior,Digital cockpit,flawless
CAR018,interior,Interior,Digital odometer,damaged
CAR018,interior,Interior,Digital Instrument cluster,flawless
CAR018,exterior,Exterior,Outside rear view mirrors (ORVMs),flawless
CAR018,exterior,Exterior,Rear power window,flawless
CAR018,exterior,Exterior,Body colored bumpers,damaged
CAR018,exterior,Exterior,Tail lamps - Conventional,little_flaw
CAR018,exterior,Exterior,Exterior door handle colour - Body Coloured,flawless
CAR018,exterior,Exterior,Headlights Bulb type - Halogen,flawless
CAR018,exterior,Exterior,Tail lamps type - Conventional,flawless
CAR018,exterior,Exterior,Xenon headlamps / hid-headlamps,little_flaw
CAR019,safety,Safety,Engine immobilizer,damaged
CAR019,safety,Safety,Anti theft device,little_flaw
CAR019,safety,Safety,Headlight and ignition off reminder,damaged
CAR019,safety,Safety,Central locking,damaged
CAR019,safety,Safety,Speed sensing central door locking,flawless
CAR019,safety,Safety,Power door locks,flawless
CAR019,safety,Safety,Child safety lock,damaged
CAR019,safety,Safety,Low fuel level warning,flawless
CAR019,safety,Safety,Door ajar warning,little_flaw
CAR019,comfort_convenience,Comfort & convenience,Anti-glare mirrors - Manual,flawless
CAR019,comfort_convenience,Comfort & convenience,Folding rear seat,flawless
CAR019,comfort_convenience,Comfort & convenience,Power windows,flawless
CAR019,comfort_convenience,Comfort & convenience,Distance to empty display,flawless
CAR019,comfort_convenience,Comfort & convenience,Air conditioner,flawless
CAR019,comfort_convenience,Comfort & convenience,Power steering,little_flaw
CAR019,comfort_convenience,Comfort & convenience,12V power outlets,damaged
CAR019,comfort_convenience,Comfort & convenience,Vanity mirror on sun visors,flawless
CAR019,comfort_convenience,Comfort & convenience,Adjustable ORVM,flawless
CAR019,comfort_convenience,Comfort & convenience,One touch-down power windows - Driver,damaged
CAR019,comfort_convenience,Comfort & convenience,Cup holders,flawless
CAR019,comfort_convenience,Comfort & convenience,Adjustable cluster brightness,flawless
CAR019,comfort_convenience,Comfort & convenience,Digital Clock,flawless
CAR019,comfort_convenience,Comfort & convenience,Power windows position - Front and rear seats,little_flaw
CAR019,comfort_convenience,Comfort & convenience,Rear armrest cup holders,flawless
CAR019,comfort_convenience,Comfort & convenience,Power steering type - EPS,little_flaw
CAR019,comfort_convenience,Comfort & convenience,Dual zone climate control,flawless
CAR019,comfort_convenience,Comfort & convenience,Automatic climate control,flawless
CAR019,comfort_convenience,Comfort & convenience,Steering wheel gearshift paddles,little_flaw
CAR019,comfort_convenience,Comfort & convenience,Third row cup holders,little_flaw
CAR019,comfort_convenience,Comfort & convenience,Three zone climate control,little_flaw
CAR019,comfort_convenience,Comfort & convenience,Electrically adjustable ORVM,damaged
CAR019,comfort_convenience,Comfort & convenience,Auto dimming IRVM,flawless
CAR019,interior,Interior,Door pockets,flawless
CAR019,interior,Interior,Seat upholstery type - Fabric seats,flawless
CAR019,interior,Interior,Digital tripmeter,damaged
CAR019,interior,Interior,Headrests,little_flaw
CAR019,interior,Interior,Interior door handles,flawless
CAR019,interior,Interior,Digital cockpit,flawless
CAR019,interior,Interior,Digital odometer,flawless
CAR019,interior,Interior,Digital Instrument cluster,little_flaw
CAR019,exterior,Exterior,Outside rear view mirrors (ORVMs),flawless
CAR019,exterior,Exterior,Rear power window,flawless
CAR019,exterior,Exterior,Body colored bumpers,little_flaw
CAR019,exterior,Exterior,Tail lamps - Conventional,damaged
CAR019,exterior,Exterior,Exterior door handle colour - Body Coloured,flawless
CAR019,exterior,Exterior,Headlights Bulb type - Halogen,flawless
CAR019,exterior,Exterior,Tail lamps type - Conventional,flawless
CAR019,exterior,Exterior,Xenon headlamps / hid-headlamps,flawless
CAR020,safety,Safety,Engine immobilizer,flawless
CAR020,safety,Safety,Anti theft device,flawless
CAR020,safety,Safety,Headlight and ignition off reminder,flawless
CAR020,safety,Safety,Central locking,little_flaw
CAR020,safety,Safety,Speed sensing central door locking,flawless
CAR020,safety,Safety,Power door locks,damaged
CAR020,safety,Safety,Child safety lock,flawless
CAR020,safety,Safety,Low fuel level warning,flawless
CAR020,safety,Safety,Door ajar warning,flawless
CAR020,comfort_convenience,Comfort & convenience,Anti-glare mirrors - Manual,flawless
CAR020,comfort_convenience,Comfort & convenience,Folding rear seat,flawless
CAR020,comfort_convenience,Comfort & convenience,Power windows,flawless
CAR020,comfort_convenience,Comfort & convenience,Distance to empty display,little_flaw
CAR020,comfort_convenience,Comfort & convenience,Air conditioner,flawless
CAR020,comfort_convenience,Comfort & convenience,Power steering,little_flaw
CAR020,comfort_convenience,Comfort & convenience,12V power outlets,flawless
CAR020,comfort_convenience,Comfort & convenience,Vanity mirror on sun visors,flawless
CAR020,comfort_convenience,Comfort & convenience,Adjustable ORVM,flawless
CAR020,comfort_convenience,Comfort & convenience,One touch-down power windows - Driver,damaged
CAR020,comfort_convenience,Comfort & convenience,Cup holders,little_flaw
CAR020,comfort_convenience,Comfort & convenience,Adjustable cluster brightness,flawless
CAR020,comfort_convenience,Comfort & convenience,Digital Clock,flawless
CAR020,comfort_convenience,Comfort & convenience,Power windows position - Front and rear seats,flawless
CAR020,comfort_convenience,Comfort & convenience,Rear armrest cup holders,little_flaw
CAR020,comfort_convenience,Comfort & convenience,Power steering type - EPS,flawless
CAR020,comfort_convenience,Comfort & convenience,Dual zone climate control,flawless
CAR020,comfort_convenience,Comfort & convenience,Automatic climate control,flawless
CAR020,comfort_convenience,Comfort & convenience,Steering wheel gearshift paddles,flawless
CAR020,comfort_convenience,Comfort & convenience,Third row cup holders,little_flaw
CAR020,comfort_convenience,Comfort & convenience,Three zone climate control,flawless
CAR020,comfort_convenience,Comfort & convenience,Electrically adjustable ORVM,flawless
CAR020,comfort_convenience,Comfort & convenience,Auto dimming IRVM,flawless
CAR020,interior,Interior,Door pockets,flawless
CAR020,interior,Interior,Seat upholstery type - Fabric seats,flawless
CAR020,interior,Interior,Digital tripmeter,flawless
CAR020,interior,Interior,Headrests,flawless
CAR020,interior,Interior,Interior door handles,flawless
CAR020,interior,Interior,Digital cockpit,flawless
CAR020,interior,Interior,Digital odometer,flawless
CAR020,interior,Interior,Digital Instrument cluster,flawless
CAR020,exterior,Exterior,Outside rear view mirrors (ORVMs),damaged
CAR020,exterior,Exterior,Rear power window,flawless
CAR020,exterior,Exterior,Body colored bumpers,flawless
CAR020,exterior,Exterior,Tail lamps - Conventional,damaged
CAR020,exterior,Exterior,Exterior door handle colour - Body Coloured,flawless
CAR020,exterior,Exterior,Headlights Bulb type - Halogen,flawless
CAR020,exterior,Exterior,Tail lamps type - Conventional,flawless
CAR020,exterior,Exterior,Xenon headlamps / hid-headlamps,flawless
