car_code,category_key,image,caption,sort_order
CAR001,exterior,cars/images/Creta_2023 (1).avif,Front View,1  
CAR001,exterior,cars/images/Creta_2023 (2).avif,Front View,1  
CAR001,exterior,cars/images/Creta_2023 (3).avif,Front View,1  
CAR001,exterior,cars/images/Creta_2023 (4).avif,Front View,1  
CAR001,exterior,cars/images/Creta_2023 (5).avif,Front View,1  
CAR001,exterior,cars/images/Creta_2023 (6).avif,Front View,1  
CAR001,exterior,cars/images/Creta_2023 (7).avif,Front View,1  
CAR001,exterior,cars/images/Creta_2023 (8).avif,Front View,1  
CAR001,exterior,cars/images/Creta_2023 (9).avif,Front View,1  
CAR001,exterior,cars/images/Creta_2023 (10).avif,Front View,1  
CAR001,exterior,cars/images/Creta_2023 (11).avif,Front View,1  
CAR001,exterior,cars/images/Creta_2023 (13).avif,Front View,1  
CAR002,exterior,cars/images/suv.png,Front View,1
CAR002,exterior,cars/images/suv.png,Rear View,2
CAR002,interior,cars/images/suv.png,Interior,3
CAR003,exterior,cars/images/Ameo2018 (1).avif,Front View,1  
CAR003,exterior,cars/images/Ameo2018 (2).avif,Front View,1   
CAR003,exterior,cars/images/Ameo2018 (5).avif,Front View,1  
CAR003,exterior,cars/images/Ameo2018 (6).avif,Front View,1  
CAR003,exterior,cars/images/Ameo2018 (7).avif,Front View,1 
CAR003,exterior,cars/images/Ameo2018 (8).avif,Front View,1   
CAR003,exterior,cars/images/Ameo2018 (9).avif,Front View,1  
CAR003,exterior,cars/images/Ameo2018 (12).avif,Front View,1  
CAR003,exterior,cars/images/Ameo2018 (13).avif,Front View,1  
CAR003,exterior,cars/images/Ameo2018 (14).avif,Front View,1  
CAR003,exterior,cars/images/Ameo2018 (15).avif,Front View,1  
CAR003,exterior,cars/images/Ameo2018 (16).avif,Front View,1  
CAR003,exterior,cars/images/Ameo2018 (17).avif,Front View,1  
CAR003,exterior,cars/images/Ameo2018 (18).avif,Front View,1  
CAR004,exterior,cars/images/Fortuner_2024 (1).avif,Front View,1  
CAR004,exterior,cars/images/Fortuner_2024 (2).avif,Front View,1  
CAR004,exterior,cars/images/Fortuner_2024 (3).avif,Front View,1  
CAR004,exterior,cars/images/Fortuner_2024 (4).avif,Front View,1  
CAR004,exterior,cars/images/Fortuner_2024 (6).avif,Front View,1  
CAR004,exterior,cars/images/Fortuner_2024 (7).avif,Front View,1  
CAR004,exterior,cars/images/Fortuner_2024 (8).avif,Front View,1  
CAR004,exterior,cars/images/Fortuner_2024 (9).avif,Front View,1  
CAR004,exterior,cars/images/Fortuner_2024 (10).avif,Front View,1  
CAR004,exterior,cars/images/Fortuner_2024 (11).avif,Front View,1  
CAR004,exterior,cars/images/Fortuner_2024 (13).avif,Front View,1  
CAR004,exterior,cars/images/Fortuner_2024 (14).avif,Front View,1  
CAR004,exterior,cars/images/Fortuner_2024 (15).avif,Front View,1  
CAR005,exterior,cars/images/Harrier_2021 (4).avif,Front View,1
CAR005,exterior,cars/images/Harrier_2021 (5).avif,Front View,1
CAR005,exterior,cars/images/Harrier_2021 (6).avif,Front View,1
CAR005,exterior,cars/images/Harrier_2021 (7).avif,Front View,1
CAR005,exterior,cars/images/Harrier_2021 (8).avif,Front View,1
CAR005,exterior,cars/images/Harrier_2021 (9).avif,Front View,1
CAR005,exterior,cars/images/Harrier_2021 (10).avif,Front View,1
CAR005,exterior,cars/images/Harrier_2021 (11).avif,Front View,1
CAR005,exterior,cars/images/Harrier_2021 (12).avif,Front View,1
CAR005,exterior,cars/images/Harrier_2021 (13).avif,Front View,1
CAR005,exterior,cars/images/Harrier_2021 (14).avif,Front View,1
CAR005,exterior,cars/images/Harrier_2021 (15).avif,Front View,1
CAR006,exterior,cars/images/suv.png,Front View,1
CAR006,exterior,cars/images/suv.png,Side Profile,2
CAR006,interior,cars/images/suv.png,Spacious Interior,3
CAR007,exterior,cars/images/Seltos_2024_HTE (1).avif,Front View,1  
CAR007,exterior,cars/images/Seltos_2024_HTE (2).avif,Front View,1  
CAR007,exterior,cars/images/Seltos_2024_HTE (3).avif,Front View,1  
CAR007,exterior,cars/images/Seltos_2024_HTE (1).avif,Front View,1  
CAR007,exterior,cars/images/Seltos_2024_HTE (4).avif,Front View,1  
CAR007,exterior,cars/images/Seltos_2024_HTE (5).avif,Front View,1  
CAR007,exterior,cars/images/Seltos_2024_HTE (6).avif,Front View,1  
CAR007,exterior,cars/images/Seltos_2024_HTE (7).avif,Front View,1  
CAR007,exterior,cars/images/Seltos_2024_HTE (8).avif,Front View,1  
CAR007,exterior,cars/images/Seltos_2024_HTE (9).avif,Front View,1  
CAR007,exterior,cars/images/Seltos_2024_HTE (10).avif,Front View,1  
CAR007,exterior,cars/images/Seltos_2024_HTE (11).avif,Front View,1  
CAR007,exterior,cars/images/Seltos_2024_HTE (12).avif,Front View,1  
CAR008,exterior,cars/images/suv.png,Front View,1
CAR008,exterior,cars/images/suv.png,Side View,2
CAR008,interior,cars/images/suv.png,Premium Interior,3
CAR008,interior,cars/images/suv.png,Technology,4
CAR009,exterior,cars/images/Alto800 _2021 (2).avif,Front View,1 
CAR009,exterior,cars/images/Alto800 _2021 (3).avif,Front View,1 
CAR009,exterior,cars/images/Alto800 _2021 (4).avif,Front View,1 
CAR009,exterior,cars/images/Alto800 _2021 (5).avif,Front View,1 
CAR009,exterior,cars/images/Alto800 _2021 (7).avif,Front View,1 
CAR009,exterior,cars/images/Alto800 _2021 (8).avif,Front View,1 
CAR009,exterior,cars/images/Alto800 _2021 (9).avif,Front View,1 
CAR009,exterior,cars/images/Alto800 _2021 (10).avif,Front View,1 
CAR009,exterior,cars/images/Alto800 _2021 (12).avif,Front View,1 
CAR009,exterior,cars/images/Alto800 _2021 (13).avif,Front View,1 
CAR009,exterior,cars/images/Alto800 _2021 (14).avif,Front View,1 
CAR009,exterior,cars/images/Alto800 _2021 (15).avif,Front View,1 
CAR009,exterior,cars/images/Alto800 _2021 (16).avif,Front View,1 
CAR009,exterior,cars/images/Alto800 _2021 (17).avif,Front View,1  
CAR010,exterior,cars/images/Swift_2019_VDI (1).avif,Front View,1 
CAR010,exterior,cars/images/Swift_2019_VDI (2).avif,Front View,1 
CAR010,exterior,cars/images/Swift_2019_VDI (3).avif,Front View,1 
CAR010,exterior,cars/images/Swift_2019_VDI (4).avif,Front View,1 
CAR010,exterior,cars/images/Swift_2019_VDI (5).avif,Front View,1 
CAR010,exterior,cars/images/Swift_2019_VDI (6).avif,Front View,1 
CAR010,exterior,cars/images/Swift_2019_VDI (8).avif,Front View,1 
CAR010,exterior,cars/images/Swift_2019_VDI (9).avif,Front View,1 
CAR010,exterior,cars/images/Swift_2019_VDI (10).avif,Front View,1 
CAR010,exterior,cars/images/Swift_2019_VDI (11).avif,Front View,1 
CAR010,exterior,cars/images/Swift_2019_VDI (12).avif,Front View,1 
CAR010,exterior,cars/images/Swift_2019_VDI (13).avif,Front View,1 
CAR010,exterior,cars/images/Swift_2019_VDI (14).avif,Front View,1 
CAR010,exterior,cars/images/Swift_2019_VDI (15).avif,Front View,1 
CAR011,exterior,cars/images/Thar_2024 (1).avif,Front View,1
CAR011,exterior,cars/images/Thar_2024 (2).avif,Front View,1
CAR011,exterior,cars/images/Thar_2024 (3).avif,Front View,1
CAR011,exterior,cars/images/Thar_2024 (4).avif,Front View,1
CAR011,exterior,cars/images/Thar_2024 (5).avif,Front View,1
CAR011,exterior,cars/images/Thar_2024 (6).avif,Front View,1
CAR011,exterior,cars/images/Thar_2024 (7).avif,Front View,1
CAR011,exterior,cars/images/Thar_2024 (8).avif,Front View,1
CAR011,exterior,cars/images/Thar_2024 (10).avif,Front View,1
CAR011,exterior,cars/images/Thar_2024 (11).avif,Front View,1
CAR011,exterior,cars/images/Thar_2024 (12).avif,Front View,1
CAR011,exterior,cars/images/Thar_2024 (13).avif,Front View,1
CAR011,exterior,cars/images/Thar_2024 (14).avif,Front View,1
CAR011,exterior,cars/images/Thar_2024 (15).avif,Front View,1
CAR011,exterior,cars/images/Thar_2024 (16).avif,Front View,1
CAR011,exterior,cars/images/Thar_2024 (17).avif,Front View,1  
CAR012,exterior,cars/images/suv.png,Front View,1
CAR012,exterior,cars/images/suv.png,Side Profile,2
CAR012,interior,cars/images/suv.png,Luxury Interior,3
CAR013,exterior,cars/images/Vitara_Brezza_2023_1.avif,Front View,1
CAR013,exterior,cars/images/Vitara_Brezza_2023_3.avif,Front View,2 
CAR013,exterior,cars/images/Vitara_Brezza_2023_4.avif,Front View,3 
CAR013,exterior,cars/images/Vitara_Brezza_2023_5.avif,Front View,4 
CAR013,exterior,cars/images/Vitara_Brezza_2023_6.avif,Front View,5 
CAR013,exterior,cars/images/Vitara_Brezza_2023_7.avif,Front View,6 
CAR013,exterior,cars/images/Vitara_Brezza_2023_8.avif,Front View,7 
CAR013,exterior,cars/images/Vitara_Brezza_2023_9.avif,Front View,8 
CAR013,exterior,cars/images/Vitara_Brezza_2023_11.avif,Front View,9 
CAR013,exterior,cars/images/Vitara_Brezza_2023_12.avif,Front View,10 
CAR013,exterior,cars/images/Vitara_Brezza_2023_15.avif,Front View,11
CAR014,exterior,cars/images/Thar_2022_4WD (1).avif,Front View,1  
CAR014,exterior,cars/images/Thar_2022_4WD (2).avif,Front View,2  
CAR014,exterior,cars/images/Thar_2022_4WD (4).avif,Front View,3  
CAR014,exterior,cars/images/Thar_2022_4WD (5).avif,Front View,4  
CAR014,exterior,cars/images/Thar_2022_4WD (6).avif,Front View,5  
CAR014,exterior,cars/images/Thar_2022_4WD (7).avif,Front View,6  
CAR014,exterior,cars/images/Thar_2022_4WD (8).avif,Front View,7  
CAR014,exterior,cars/images/Thar_2022_4WD (9).avif,Front View,8  
CAR014,exterior,cars/images/Thar_2022_4WD (10).avif,Front View,9  
CAR014,exterior,cars/images/Thar_2022_4WD (11).avif,Front View,10  
CAR014,exterior,cars/images/Thar_2022_4WD (12).avif,Front View,11 
CAR014,exterior,cars/images/Thar_2022_4WD (13).avif,Front View,12 
CAR014,exterior,cars/images/Thar_2022_4WD (14).avif,Front View,13  
CAR014,exterior,cars/images/Thar_2022_4WD (15).avif,Front View,14  
CAR014,exterior,cars/images/Thar_2022_4WD (16).avif,Front View,15
CAR015,exterior,cars/images/Creta_2019 (1).avif,Front View,1 
CAR015,exterior,cars/images/Creta_2019 (2).avif,Front View,1 
CAR015,exterior,cars/images/Creta_2019 (3).avif,Front View,1 
CAR015,exterior,cars/images/Creta_2019 (4).avif,Front View,1 
CAR015,exterior,cars/images/Creta_2019 (5).avif,Front View,1 
CAR015,exterior,cars/images/Creta_2019 (6).avif,Front View,1 
CAR015,exterior,cars/images/Creta_2019 (8).avif,Front View,1 
CAR015,exterior,cars/images/Creta_2019 (9).avif,Front View,1 
CAR015,exterior,cars/images/Creta_2019 (10).avif,Front View,1 
CAR015,exterior,cars/images/Creta_2019 (11).avif,Front View,1 
CAR015,exterior,cars/images/Creta_2019 (12).avif,Front View,1 
CAR015,exterior,cars/images/Creta_2019 (13).avif,Front View,1 
CAR015,exterior,cars/images/Creta_2019 (14).avif,Front View,1  
CAR016,exterior,cars/images/suv.png,Front View,1
CAR016,exterior,cars/images/suv.png,Side View,2
CAR016,interior,cars/images/suv.png,Premium Interior,3
CAR017,exterior,cars/images/bluegrand1.avif,Front View,1 
CAR017,exterior,cars/images/bluegrand2.avif,Front View,1 
CAR017,exterior,cars/images/bluegrand3.avif,Front View,1 
CAR017,exterior,cars/images/bluegrand4.avif,Front View,1 
CAR017,exterior,cars/images/bluegrand5.avif,Front View,1 
CAR017,exterior,cars/images/bluegrand6.avif,Front View,1 
CAR017,exterior,cars/images/bluegrand7.avif,Front View,1 
CAR017,exterior,cars/images/bluegrand8.avif,Front View,1 
CAR017,exterior,cars/images/bluegrand9.avif,Front View,1 
CAR017,exterior,cars/images/bluegrand10.avif,Front View,1 
CAR017,exterior,cars/images/bluegrand11.avif,Front View,1 
CAR017,exterior,cars/images/bluegrand12.avif,Front View,1  
CAR018,exterior,cars/images/Ecosport_2015 (2).avif,Front View,1 
CAR018,exterior,cars/images/Ecosport_2015 (1).avif,Front View,1 
CAR018,exterior,cars/images/Ecosport_2015 (3).avif,Front View,1 
CAR018,exterior,cars/images/Ecosport_2015 (4).avif,Front View,1 
CAR018,exterior,cars/images/Ecosport_2015 (5).avif,Front View,1 
CAR018,exterior,cars/images/Ecosport_2015 (6).avif,Front View,1 
CAR018,exterior,cars/images/Ecosport_2015 (7).avif,Front View,1 
CAR018,exterior,cars/images/Ecosport_2015 (8).avif,Front View,1 
CAR018,exterior,cars/images/Ecosport_2015 (10).avif,Front View,1 
CAR018,exterior,cars/images/Ecosport_2015 (11).avif,Front View,1 
CAR018,exterior,cars/images/Ecosport_2015 (12).avif,Front View,1 
CAR018,exterior,cars/images/Ecosport_2015 (13).avif,Front View,1 
CAR019,exterior,cars/images/Etios_2013 (1).avif,Front View,1  
CAR019,exterior,cars/images/Etios_2013 (2).avif,Front View,1  
CAR019,exterior,cars/images/Etios_2013 (3).avif,Front View,1  
CAR019,exterior,cars/images/Etios_2013 (4).avif,Front View,1  
CAR019,exterior,cars/images/Etios_2013 (5).avif,Front View,1  
CAR019,exterior,cars/images/Etios_2013 (6).avif,Front View,1  
CAR019,exterior,cars/images/Etios_2013 (7).avif,Front View,1  
CAR019,exterior,cars/images/Etios_2013 (8).avif,Front View,1  
CAR019,exterior,cars/images/Etios_2013 (9).avif,Front View,1  
CAR019,exterior,cars/images/Etios_2013 (10).avif,Front View,1  
CAR019,exterior,cars/images/Etios_2013 (11).avif,Front View,1  
CAR019,exterior,cars/images/Etios_2013 (12).avif,Front View,1  
CAR019,exterior,cars/images/Etios_2013 (13).avif,Front View,1  
CAR019,exterior,cars/images/Etios_2013 (14).avif,Front View,1  
CAR019,exterior,cars/images/Etios_2013 (15).avif,Front View,1  
CAR019,exterior,cars/images/Etios_2013 (16).avif,Front View,1  
CAR020,exterior,cars/images/City_ZX_2021 (1).avif,Front View,1  
CAR020,exterior,cars/images/City_ZX_2021 (2).avif,Front View,1  
CAR020,exterior,cars/images/City_ZX_2021 (3).avif,Front View,1  
CAR020,exterior,cars/images/City_ZX_2021 (4).avif,Front View,1  
CAR020,exterior,cars/images/City_ZX_2021 (5).avif,Front View,1  
CAR020,exterior,cars/images/City_ZX_2021 (6).avif,Front View,1  
CAR020,exterior,cars/images/City_ZX_2021 (8).avif,Front View,1  
CAR020,exterior,cars/images/City_ZX_2021 (10).avif,Front View,1  
CAR020,exterior,cars/images/City_ZX_2021 (11).avif,Front View,1  
CAR020,exterior,cars/images/City_ZX_2021 (12).avif,Front View,1  
CAR020,exterior,cars/images/City_ZX_2021 (14).avif,Front View,1  
CAR020,exterior,cars/images/City_ZX_2021 (15).avif,Front View,1  
CAR021,exterior,cars/images/Taigun_2023 (1).avif,Front View,1 
CAR021,exterior,cars/images/Taigun_2023 (2).avif,Front View,1 
CAR021,exterior,cars/images/Taigun_2023 (3).avif,Front View,1 
CAR021,exterior,cars/images/Taigun_2023 (4).avif,Front View,1 
CAR021,exterior,cars/images/Taigun_2023 (5).avif,Front View,1 
CAR021,exterior,cars/images/Taigun_2023 (6).avif,Front View,1 
CAR021,exterior,cars/images/Taigun_2023 (7).avif,Front View,1 
CAR021,exterior,cars/images/Taigun_2023 (8).avif,Front View,1 
CAR021,exterior,cars/images/Taigun_2023 (9).avif,Front View,1 
CAR021,exterior,cars/images/Taigun_2023 (10).avif,Front View,1 
CAR021,exterior,cars/images/Taigun_2023 (11).avif,Front View,1 
CAR021,exterior,cars/images/Taigun_2023 (12).avif,Front View,1 
CAR021,exterior,cars/images/Taigun_2023 (13).avif,Front View,1 
CAR021,exterior,cars/images/Taigun_2023 (14).avif,Front View,1 
CAR021,exterior,cars/images/Taigun_2023 (15).avif,Front View,1 
CAR022,exterior,cars/images/Crysta_2020 (1).avif,Front View,1 
CAR022,exterior,cars/images/Crysta_2020 (2).avif,Front View,1 
CAR022,exterior,cars/images/Crysta_2020 (3).avif,Front View,1 
CAR022,exterior,cars/images/Crysta_2020 (4).avif,Front View,1 
CAR022,exterior,cars/images/Crysta_2020 (5).avif,Front View,1 
CAR022,exterior,cars/images/Crysta_2020 (6).avif,Front View,1 
CAR022,exterior,cars/images/Crysta_2020 (7).avif,Front View,1 
CAR022,exterior,cars/images/Crysta_2020 (8).avif,Front View,1 
CAR022,exterior,cars/images/Crysta_2020 (9).avif,Front View,1 
CAR022,exterior,cars/images/Crysta_2020 (10).avif,Front View,1 
CAR022,exterior,cars/images/Crysta_2020 (11).avif,Front View,1 
CAR023,exterior,cars/images/Ignis_Zeta_1 (1).avif,Front View,1  
CAR023,exterior,cars/images/Ignis_Zeta_1 (2).avif,Front View,1  
CAR023,exterior,cars/images/Ignis_Zeta_1 (3).avif,Front View,1  
CAR023,exterior,cars/images/Ignis_Zeta_1 (4).avif,Front View,1  
CAR023,exterior,cars/images/Ignis_Zeta_1 (5).avif,Front View,1  
CAR023,exterior,cars/images/Ignis_Zeta_1 (7).avif,Front View,1  
CAR023,exterior,cars/images/Ignis_Zeta_1 (8).avif,Front View,1  
CAR023,exterior,cars/images/Ignis_Zeta_1 (10).avif,Front View,1  
CAR023,exterior,cars/images/Ignis_Zeta_1 (11).avif,Front View,1  
CAR023,exterior,cars/images/Ignis_Zeta_1 (12).avif,Front View,1  
CAR023,exterior,cars/images/Ignis_Zeta_1 (13).avif,Front View,1  
CAR023,exterior,cars/images/Ignis_Zeta_1 (14).avif,Front View,1  
CAR026,exterior,cars/images/Baleno_2016 (4).avif,Front View,1 
CAR026,exterior,cars/images/Baleno_2016 (6).avif,Front View,1 
CAR026,exterior,cars/images/Baleno_2016 (7).avif,Front View,1 
CAR026,exterior,cars/images/Baleno_2016 (8).avif,Front View,1 
CAR026,exterior,cars/images/Baleno_2016 (9).avif,Front View,1 
CAR026,exterior,cars/images/Baleno_2016 (10).avif,Front View,1 
CAR026,exterior,cars/images/Baleno_2016 (11).avif,Front View,1 
CAR026,exterior,cars/images/Baleno_2016 (12).avif,Front View,1 
CAR026,exterior,cars/images/Baleno_2016 (14).avif,Front View,1 
CAR026,exterior,cars/images/Baleno_2016 (15).avif,Front View,1 
CAR026,exterior,cars/images/Baleno_2016 (16).avif,Front View,1 
CAR026,exterior,cars/images/Baleno_2016 (17).avif,Front View,1  
CAR026,exterior,cars/images/Baleno_2016 (18).avif,Front View,1 
CAR026,exterior,cars/images/Baleno_2016 (19).avif,Front View,1   
CAR028,exterior,cars/images/Ciaz_2018_Alpha (1).avif,Front View,1  
CAR028,exterior,cars/images/Ciaz_2018_Alpha (2).avif,Front View,1  
CAR028,exterior,cars/images/Ciaz_2018_Alpha (6).avif,Front View,1  
CAR028,exterior,cars/images/Ciaz_2018_Alpha (7).avif,Front View,1  
CAR028,exterior,cars/images/Ciaz_2018_Alpha (12).avif,Front View,1  
CAR028,exterior,cars/images/Ciaz_2018_Alpha (13).avif,Front View,1  
CAR028,exterior,cars/images/Ciaz_2018_Alpha (14).avif,Front View,1  
CAR028,exterior,cars/images/Ciaz_2018_Alpha (16).avif,Front View,1  
CAR028,exterior,cars/images/Ciaz_2018_Alpha (17).avif,Front View,1  
CAR028,exterior,cars/images/Ciaz_2018_Alpha (18).avif,Front View,1  
CAR030,exterior,cars/images/I20_2016 (1).avif,Front View,1 
CAR030,exterior,cars/images/I20_2016 (2).avif,Front View,1 
CAR030,exterior,cars/images/I20_2016 (3).avif,Front View,1 
CAR030,exterior,cars/images/I20_2016 (4).avif,Front View,1 
CAR030,exterior,cars/images/I20_2016 (5).avif,Front View,1 
CAR030,exterior,cars/images/I20_2016 (6).avif,Front View,1 
CAR030,exterior,cars/images/I20_2016 (7).avif,Front View,1 
CAR030,exterior,cars/images/I20_2016 (8).avif,Front View,1 
CAR030,exterior,cars/images/I20_2016 (9).avif,Front View,1 
CAR030,exterior,cars/images/I20_2016 (12).avif,Front View,1 
CAR030,exterior,cars/images/I20_2016 (13).avif,Front View,1 
CAR030,exterior,cars/images/I20_2016 (14).avif,Front View,1 
CAR031,exterior,cars/images/Alto800 (1).avif,Front View,1   
CAR031,exterior,cars/images/Alto800 (2).avif,Front View,1   
CAR031,exterior,cars/images/Alto800 (4).avif,Front View,1   
CAR031,exterior,cars/images/Alto800 (5).avif,Front View,1   
CAR031,exterior,cars/images/Alto800 (6).avif,Front View,1   
CAR031,exterior,cars/images/Alto800 (7).avif,Front View,1   
CAR031,exterior,cars/images/Alto800 (9).avif,Front View,1   
CAR031,exterior,cars/images/Alto800 (11).avif,Front View,1   
CAR031,exterior,cars/images/Alto800 (13).avif,Front View,1   
CAR031,exterior,cars/images/Alto800 (14).avif,Front View,1   
CAR031,exterior,cars/images/Alto800 (15).avif,Front View,1  
CAR032,exterior,cars/images/Eon_2016 (1).avif,Front View,1  
CAR032,exterior,cars/images/Eon_2016 (2).avif,Front View,1  
CAR032,exterior,cars/images/Eon_2016 (3).avif,Front View,1  
CAR032,exterior,cars/images/Eon_2016 (4).avif,Front View,1  
CAR032,exterior,cars/images/Eon_2016 (5).avif,Front View,1  
CAR032,exterior,cars/images/Eon_2016 (7).avif,Front View,1  
CAR032,exterior,cars/images/Eon_2016 (8).avif,Front View,1  
CAR032,exterior,cars/images/Eon_2016 (9).avif,Front View,1  
CAR032,exterior,cars/images/Eon_2016 (10).avif,Front View,1  
CAR032,exterior,cars/images/Eon_2016 (11).avif,Front View,1  
CAR032,exterior,cars/images/Eon_2016 (12).avif,Front View,1  
CAR032,exterior,cars/images/Eon_2016 (13).avif,Front View,1  
CAR032,exterior,cars/images/Eon_2016 (14).avif,Front View,1  
CAR032,exterior,cars/images/Eon_2016 (15).avif,Front View,1  
CAR033,exterior,cars/images/Baleno_2021 (1).avif,Front View,1   
CAR033,exterior,cars/images/Baleno_2021 (2).avif,Front View,1  
CAR033,exterior,cars/images/Baleno_2021 (3).avif,Front View,1  
CAR033,exterior,cars/images/Baleno_2021 (4).avif,Front View,1  
CAR033,exterior,cars/images/Baleno_2021 (5).avif,Front View,1  
CAR033,exterior,cars/images/Baleno_2021 (6).avif,Front View,1  
CAR033,exterior,cars/images/Baleno_2021 (7).avif,Front View,1  
CAR033,exterior,cars/images/Baleno_2021 (8).avif,Front View,1  
CAR033,exterior,cars/images/Baleno_2021 (9).avif,Front View,1  
CAR033,exterior,cars/images/Baleno_2021 (10).avif,Front View,1  
CAR033,exterior,cars/images/Baleno_2021 (11).avif,Front View,1  
CAR033,exterior,cars/images/Baleno_2021 (12).avif,Front View,1 
CAR035,exterior,cars/images/City_2017 (1).avif,Front View,1  
CAR035,exterior,cars/images/City_2017 (2).avif,Front View,1  
CAR035,exterior,cars/images/City_2017 (3).avif,Front View,1  
CAR035,exterior,cars/images/City_2017 (4).avif,Front View,1  
CAR035,exterior,cars/images/City_2017 (5).avif,Front View,1  
CAR035,exterior,cars/images/City_2017 (6).avif,Front View,1  
CAR035,exterior,cars/images/City_2017 (7).avif,Front View,1  
CAR035,exterior,cars/images/City_2017 (8).avif,Front View,1  
CAR035,exterior,cars/images/City_2017 (9).avif,Front View,1  
CAR035,exterior,cars/images/City_2017 (10).avif,Front View,1  
CAR035,exterior,cars/images/City_2017 (11).avif,Front View,1  
CAR035,exterior,cars/images/City_2017 (12).avif,Front View,1   
CAR036,exterior,cars/images/Thar_Roxx_2024_1.avif,Front View,1
CAR036,exterior,cars/images/Thar_Roxx_2024_2.avif,Front View,2
CAR036,exterior,cars/images/Thar_Roxx_2024_3.avif,Front View,3
CAR036,exterior,cars/images/Thar_Roxx_2024_4.avif,Front View,4
CAR036,exterior,cars/images/Thar_Roxx_2024_5.avif,Front View,5
CAR036,exterior,cars/images/Thar_Roxx_2024_6.avif,Front View,6
CAR036,exterior,cars/images/Thar_Roxx_2024_7.avif,Front View,7
CAR036,exterior,cars/images/Thar_Roxx_2024_8.avif,Front View,8
CAR036,exterior,cars/images/Thar_Roxx_2024_9.avif,Front View,9
CAR036,exterior,cars/images/Thar_Roxx_2024_10.avif,Front View,10
CAR036,exterior,cars/images/Thar_Roxx_2024_11.avif,Front View,11
CAR036,exterior,cars/images/Thar_Roxx_2024_12.avif,Front View,12
CAR036,exterior,cars/images/Thar_Roxx_2024_13.avif,Front View,13
CAR036,exterior,cars/images/Thar_Roxx_2024_14.avif,Front View,14
CAR036,exterior,cars/images/Thar_Roxx_2024_15.avif,Front View,15
CAR037,exterior,cars/images/Vitara_Brezza_2023_1.avif,Front View,1
CAR037,exterior,cars/images/Vitara_Brezza_2023_3.avif,Front View,2 
CAR037,exterior,cars/images/Vitara_Brezza_2023_4.avif,Front View,3 
CAR037,exterior,cars/images/Vitara_Brezza_2023_5.avif,Front View,4 
CAR037,exterior,cars/images/Vitara_Brezza_2023_6.avif,Front View,5 
CAR037,exterior,cars/images/Vitara_Brezza_2023_7.avif,Front View,6 
CAR037,exterior,cars/images/Vitara_Brezza_2023_8.avif,Front View,7 
CAR037,exterior,cars/images/Vitara_Brezza_2023_9.avif,Front View,8 
CAR037,exterior,cars/images/Vitara_Brezza_2023_11.avif,Front View,9 
CAR037,exterior,cars/images/Vitara_Brezza_2023_12.avif,Front View,10 
CAR037,exterior,cars/images/Vitara_Brezza_2023_15.avif,Front View,11

CAR038,exterior,cars/images/Kwid_RXL_2019 (1).avif,Front View,15  
CAR038,exterior,cars/images/Kwid_RXL_2019 (2).avif,Front View,15  
CAR038,exterior,cars/images/Kwid_RXL_2019 (3).avif,Front View,15  
CAR038,exterior,cars/images/Kwid_RXL_2019 (4).avif,Front View,15  
CAR038,exterior,cars/images/Kwid_RXL_2019 (5).avif,Front View,15  
CAR038,exterior,cars/images/Kwid_RXL_2019 (6).avif,Front View,15  
CAR038,exterior,cars/images/Kwid_RXL_2019 (7).avif,Front View,15  
CAR038,exterior,cars/images/Kwid_RXL_2019 (8).avif,Front View,15  
CAR038,exterior,cars/images/Kwid_RXL_2019 (9).avif,Front View,15  
CAR038,exterior,cars/images/Kwid_RXL_2019 (10).avif,Front View,15  
CAR038,exterior,cars/images/Kwid_RXL_2019 (11).avif,Front View,15  
CAR038,exterior,cars/images/Kwid_RXL_2019 (12).avif,Front View,15 
CAR039,exterior,cars/images/camry_2017 (1).avif,Front View,15 
CAR039,exterior,cars/images/camry_2017 (2).avif,Front View,15 
CAR039,exterior,cars/images/camry_2017 (3).avif,Front View,15 
CAR039,exterior,cars/images/camry_2017 (5).avif,Front View,15 
CAR039,exterior,cars/images/camry_2017 (6).avif,Front View,15 
CAR039,exterior,cars/images/camry_2017 (7).avif,Front View,15 
CAR039,exterior,cars/images/camry_2017 (8).avif,Front View,15 
CAR039,exterior,cars/images/camry_2017 (9).avif,Front View,15 
CAR039,exterior,cars/images/camry_2017 (10).avif,Front View,15 
CAR039,exterior,cars/images/camry_2017 (11).avif,Front View,15 
CAR039,exterior,cars/images/camry_2017 (12).avif,Front View,15 
CAR039,exterior,cars/images/camry_2017 (13).avif,Front View,15   
CAR040,exterior,cars/images/XL_6_2023 (10).avif,Front View,15 
CAR040,exterior,cars/images/XL_6_2023 (9).avif,Front View,15 
CAR040,exterior,cars/images/XL_6_2023 (11).avif,Front View,15 
CAR040,exterior,cars/images/XL_6_2023 (12).avif,Front View,15 
CAR040,exterior,cars/images/XL_6_2023 (13).avif,Front View,15 
CAR040,exterior,cars/images/XL_6_2023 (14).avif,Front View,15 
CAR040,exterior,cars/images/XL_6_2023 (15).avif,Front View,15 
CAR040,exterior,cars/images/XL_6_2023 (17).avif,Front View,15 
CAR040,exterior,cars/images/XL_6_2023 (20).avif,Front View,15 
CAR040,exterior,cars/images/XL_6_2023 (21).avif,Front View,15 
CAR040,exterior,cars/images/XL_6_2023 (22).avif,Front View,15 
CAR044,exterior,cars/images/Honda_Brio_2012 (1).avif,Front View,15 
CAR044,exterior,cars/images/Honda_Brio_2012 (2).avif,Front View,15 
CAR044,exterior,cars/images/Honda_Brio_2012 (3).avif,Front View,15 
CAR044,exterior,cars/images/Honda_Brio_2012 (4).avif,Front View,15 
CAR044,exterior,cars/images/Honda_Brio_2012 (5).avif,Front View,15 
CAR044,exterior,cars/images/Honda_Brio_2012 (6).avif,Front View,15 
CAR044,exterior,cars/images/Honda_Brio_2012 (8).avif,Front View,15 
CAR044,exterior,cars/images/Honda_Brio_2012 (9).avif,Front View,15 
CAR044,exterior,cars/images/Honda_Brio_2012 (10).avif,Front View,15 
CAR044,exterior,cars/images/Honda_Brio_2012 (12).avif,Front View,15 
CAR044,exterior,cars/images/Honda_Brio_2012 (13).avif,Front View,15 
CAR046,exterior,cars/images/Verna_2018 (1).avif,Front View,15 
CAR046,exterior,cars/images/Verna_2018 (2).avif,Front View,15 
CAR046,exterior,cars/images/Verna_2018 (4).avif,Front View,15 
CAR046,exterior,cars/images/Verna_2018 (5).avif,Front View,15 
CAR046,exterior,cars/images/Verna_2018 (6).avif,Front View,15 
CAR046,exterior,cars/images/Verna_2018 (8).avif,Front View,15 
CAR046,exterior,cars/images/Verna_2018 (9).avif,Front View,15 
CAR046,exterior,cars/images/Verna_2018 (10).avif,Front View,15 
CAR046,exterior,cars/images/Verna_2018 (12).avif,Front View,15 
CAR046,exterior,cars/images/Verna_2018 (13).avif,Front View,15 
CAR046,exterior,cars/images/Verna_2018 (14).avif,Front View,15
CAR048,exterior,cars/images/Mercedes_benz_CLA_200 (2).avif,Front View,15  
CAR048,exterior,cars/images/Mercedes_benz_CLA_200 (1).avif,Front View,15 
CAR048,exterior,cars/images/Mercedes_benz_CLA_200 (3).avif,Front View,15  
CAR048,exterior,cars/images/Mercedes_benz_CLA_200 (4).avif,Front View,15  
CAR048,exterior,cars/images/Mercedes_benz_CLA_200 (5).avif,Front View,15  
CAR048,exterior,cars/images/Mercedes_benz_CLA_200 (6).avif,Front View,15  
CAR048,exterior,cars/images/Mercedes_benz_CLA_200 (7).avif,Front View,15  
CAR048,exterior,cars/images/Mercedes_benz_CLA_200 (8).avif,Front View,15  
CAR048,exterior,cars/images/Mercedes_benz_CLA_200 (9).avif,Front View,15  
CAR048,exterior,cars/images/Mercedes_benz_CLA_200 (10).avif,Front View,15  
CAR048,exterior,cars/images/Mercedes_benz_CLA_200 (11).avif,Front View,15  
CAR048,exterior,cars/images/Mercedes_benz_CLA_200 (12).avif,Front View,15  
CAR048,exterior,cars/images/Mercedes_benz_CLA_200 (13).avif,Front View,15  
CAR048,exterior,cars/images/Mercedes_benz_CLA_200 (14).avif,Front View,15  
CAR048,exterior,cars/images/Mercedes_benz_CLA_200 (15).avif,Front View,15  
CAR049,exterior,cars/images/Celerio_LXI_2015_1.avif,Front View,1
CAR049,exterior,cars/images/Celerio_LXI_2015_2.avif,Front View,2  
CAR049,exterior,cars/images/Celerio_LXI_2015_3.avif,Front View,3  
CAR049,exterior,cars/images/Celerio_LXI_2015_4.avif,Front View,4  
CAR049,exterior,cars/images/Celerio_LXI_2015_5.avif,Front View,5  
CAR049,exterior,cars/images/Celerio_LXI_2015_6.avif,Front View,6  
CAR049,exterior,cars/images/Celerio_LXI_2015_7.avif,Front View,7  
CAR049,exterior,cars/images/Celerio_LXI_2015_8.avif,Front View,8  
CAR049,exterior,cars/images/Celerio_LXI_2015_9.avif,Front View,9
CAR049,exterior,cars/images/Celerio_LXI_2015_10.avif,Front View,10  
CAR049,exterior,cars/images/Celerio_LXI_2015_11.avif,Front View,11 
CAR049,exterior,cars/images/Celerio_LXI_2015_12.avif,Front View,12 
CAR049,exterior,cars/images/Celerio_LXI_2015_13.avif,Front View,13 
CAR049,exterior,cars/images/Celerio_LXI_2015_14.avif,Front View,14
CAR049,exterior,cars/images/Celerio_LXI_2015_15.avif,Front View,15 
CAR049,exterior,cars/images/Celerio_LXI_2015_16.avif,Front View,16 
CAR049,exterior,cars/images/Celerio_LXI_2015_17.avif,Front View,17 
CAR050,exterior,cars/images/Crysta_2021 (1).avif,Front View,17  
CAR050,exterior,cars/images/Crysta_2021 (2).avif,Front View,17  
CAR050,exterior,cars/images/Crysta_2021 (3).avif,Front View,17  
CAR050,exterior,cars/images/Crysta_2021 (6).avif,Front View,17  
CAR050,exterior,cars/images/Crysta_2021 (8).avif,Front View,17  
CAR050,exterior,cars/images/Crysta_2021 (10).avif,Front View,17  
CAR050,exterior,cars/images/Crysta_2021 (12).avif,Front View,17  
CAR050,exterior,cars/images/Crysta_2021 (13).avif,Front View,17  
CAR050,exterior,cars/images/Crysta_2021 (14).avif,Front View,17  
CAR050,exterior,cars/images/Crysta_2021 (16).avif,Front View,17  
CAR050,exterior,cars/images/Crysta_2021 (17).avif,Front View,17  
CAR050,exterior,cars/images/Crysta_2021 (18).avif,Front View,17  